Token,Exec_Return
5,0.021461187214611765
11,0.03331862312444844
23,0.00771538791255888
18,-0.004680851063829761
13,0.0251234700450933
23,0.003552026744672032
19,0.02346532579090721
23,0.0044971381847915826
18,-0.009372453137734271
17,-0.0012396694214875659
12,-0.0022680412371133274
13,-0.009781477627471391
14,0.005012531328320913
18,0.007493755203996866
19,-0.0107084019769359
13,0.008875739644970349
18,0.0015599001663892942
18,-0.0008247422680413008
13,-0.005971993410214149
12,0.0027083333333333126
19,-0.02722360764754783
17,-0.0218266581902945
17,-0.04645048203330415
5,0.041146555709662413
11,0.027790128946198367
23,-0.009515570934256146
17,0.0017414018284720445
19,0.005300353356890497
8,0.024416594641313738
23,-0.010031678986272441
17,0.020979020979021046
23,-0.012967687074830092
17,0.0034115138592751837
18,-0.009450171821305697
12,-0.02256944444444453
5,-0.001320422535211252
1,0.01750110766504198
11,-0.0020796847635725646
0,-0.012232415902140636
5,-0.01690391459074725
5,0.008251561106155103
7,0.00705156456588818
11,0.01773204903677761
23,0.0008528784648187404
18,-0.0036465036465037626
2,-0.015450643776824036
5,-0.010083296799649255
5,-0.008407079646017834
1,-0.01735647530040041
5,0.016304347826086918
11,-0.020213238560639835
5,-0.005853219270598786
2,0.017857142857142794
11,0.0017536168347216385
6,0.011309264897781723
23,-0.007343684431388997
17,-0.002331002331002141
12,-0.0010656436487637144
12,0.0058610400682013175
20,-0.0040254237288134265
13,-0.006144067796610142
13,-0.014246225813310809
17,0.019205869659041808
23,-0.002740303541315381
14,0.00021097046413509624
19,-0.011588706278971794
17,0.01365478984425006
23,-0.001687051876845369
13,0.0063802637175671695
23,-0.013130029648454111
17,-0.009858551221603062
17,0.00591143594153043
23,-0.005672696136144739
12,-0.00042918454935625405
12,-0.0038860103626943143
12,0.009335649153278336
23,0.012677266867211046
23,-0.011955593509820672
17,0.005605864596808896
20,0.009586706433745151
23,-0.00021132713440419337
12,0.004662004662004726
18,-0.0010466820180030645
12,-0.001354307740389693
13,0.00540091400083087
22,0.00010348752975275488
18,-0.00570539419087146
17,-0.006063140288521729
17,0.01090604026845643
23,-0.013772954924874736
17,-0.008649789029535837
17,-0.0029610829103213776
13,-0.007442058260684559
17,-0.003854389721627438
2,-0.02487668882693539
5,0.0004372540446000439
6,0.0017406440382941035
6,0.004995655951346656
6,0.019028871391076008
11,0.0004271678769756093
19,0.009584664536741228
23,0.008050847457627075
23,-0.011419591409114638
17,-0.005507307773776615
5,0.005328218243819238
19,0.010150137449778107
23,-0.0012554927809165228
13,-0.004604437002930006
14,0.010088272383354413
23,-0.004571903574397407
16,0.003124349093938772
19,-0.0020755500207554345
12,0.006883604505631968
23,0.0010336985734957782
19,0.0006202191440976002
18,0.003409090909090917
18,0.002373091209244782
19,-0.006402313093762935
17,0.008481588746379831
23,-0.004893964110929905
14,-0.003909465020575986
14,-0.010748243075651032
17,0.0039517470881862415
20,-0.003119151590767144
13,-0.0010434056761269295
12,-0.008347245409015103
5,0.0060177364864864025
23,-0.0015638031693077092
13,-0.01476170392239573
5,-0.011742100768573738
5,0.005813953488372103
11,-0.005469755469755477
1,-0.012329656067488592
5,0.018624014022786906
11,-0.011563169164882203
5,-0.013636363636363558
5,-0.0028297779712669335
1,0.012658227848101333
11,-0.012674543501611013
5,-0.003032272038119954
2,-0.014054054054054022
5,0.00568678915135612
7,0.005447809980387852
9,-0.019548218940052098
5,-0.009287925696594423
5,-0.01717599821548088
5,-0.00794732061762049
1,-0.030275438197131854
5,0.03479078514339462
11,0.005685694791903728
10,-0.026636568848758535
5,0.012252591894439169
7,0.018040648549897176
11,0.011065943992773164
9,0.004242965609646987
7,-0.00975393482598097
2,-0.01756756756756761
5,-0.0031905195989061497
1,0.010199456029011733
10,0.015124153498871307
11,0.013739612188365502
11,0.0015377855887521719
7,-0.0031652477624973807
0,-0.004791984317142228
2,0.004365858982754878
18,0.004257177164065151
19,-0.024295010845986953
5,0.0002232142857143682
7,-0.017086330935251803
5,-0.00046082949308767773
1,0.012048192771084265
11,0.0035955056179775013
7,-0.008681925808997515
0,-0.004893035958124625
0,-0.007826887661141813
5,0.003707136237256936
7,-0.016399162595952532
5,0.009120673526660461
11,-0.0032058621479276184
1,-0.010638297872340496
0,-0.006976744186046546
0,-0.0016509433962262898
1,-0.007273580478648567
2,0.011137440758293815
11,0.02108433734939763
11,-0.01644363801315507
5,-0.009036144578313254
3,-0.022571819425444728
3,0.009099181073703333
20,-0.001130710085934017
12,-0.0223294434470378
5,-0.010809567617295346
5,-0.016197183098591528
5,0.004969238050165581
6,-0.0185185185185186
0,-0.01846452866861026
5,0.008928571428571397
6,0.015019379844961156
11,0.01146405540960127
11,0.011859582542694591
11,0.006823529411764673
11,-0.02144522144522143
5,-0.024147727272727182
5,0.052118850462737454
11,-0.010305697081982479
5,-0.03207679700304378
5,0.002406159769008598
7,-0.009180875163944169
5,0.02422480620155021
11,0.008820023837902147
6,-0.005181347150259197
0,0.006392045454545636
11,-0.01031286210892235
5,0.010070257611241251
20,-0.015947682423129717
17,0.004888268156424624
20,0.011155008133860056
23,0.0009174311926605228
18,-0.0016055045871560258
12,0.0053179190751446725
19,0.008118126225207467
23,0.011005135483602269
23,-0.0027655723500955576
12,0.0060538769899027844
19,-0.01892278719230056
17,0.0073441410382970584
23,0.0006651613884753882
18,-0.00022267502245454374
13,-0.012462966591516023
5,-0.011323657266673393
5,0.012528543610535348
11,-0.010770399957179544
5,-0.004447767546458037
1,0.0037639266319173803
7,-0.00458019926347808
1,-0.020222787181452206
5,-0.01782641713913946
5,-0.004273849798565266
1,-0.0009594079375224718
1,0.01446740580821304
10,-0.0028391214644104545
0,-0.02209075386002224
5,0.004433659079668084
7,0.009061229472257626
6,0.004752286191213928
11,-0.002136894707772563
0,0.0006304320732286595
7,0.004107458757728555
7,-0.021728769999405206
5,-0.03482094682323089
5,0.005192588854809443
7,0.005126001353932486
6,-0.0065006050055270714
5,-0.018099506248606456
5,0.013735282554845352
11,-0.03138256598601119
5,-0.016815538306302447
5,-0.008034225347748003
1,0.010860956794115584
7,0.0020743776965821414
7,0.023265825532868156
11,-0.015911040086169614
5,0.006800404790275438
7,0.00986585339281909
10,-0.01805680179200908
5,-0.03149678769567066
5,0.0025323214259715954
6,0.015445718913181139
11,-0.006053117158896115
1,0.004912259285910103
7,0.010394149929468632
6,-0.017258759415988534
5,0.02192601337446609
11,-0.005833142582347239
2,0.016622663184889364
11,0.0242854989319099
23,0.011267617914518357
23,-0.003202574227319066
13,-0.011403183539906991
17,-0.007672174647132768
12,0.01441278229608467
23,-8.083840587658209e-05
12,0.006884411006702784
22,0.0016607886036812403
19,0.01583116144371055
23,-0.0046307507285678895
13,-0.007294047324022834
13,0.02984225448019462
23,-0.004887298940557172
15,-0.005360242014063932
13,0.0031936249571171693
18,-0.009743874527336938
17,-0.006746019635881617
14,0.004003202513143345
22,0.00342493265411159
19,0.03292214619445755
23,0.0011627433835996737
18,0.005035317791566518
19,0.013940215724309368
23,-0.002654980646698224
13,-0.013735238533698402
17,0.0012358357967157119
19,-0.01195517058185358
17,-0.008890963802801521
17,-0.010190325645397569
17,0.004145711885523484
18,0.00419973392637063
19,0.004258622027890624
19,0.010275356576506578
23,-0.008538371951306911
17,0.008972840316926467
23,-0.005481573727256328
13,-0.004814147381888234
13,0.008169122521867411
20,-0.010858327154392389
17,-0.017555164276198854
5,0.00777433449293885
8,-0.003205913561501017
0,-0.004821019375158775
1,0.010231849482543298
11,0.01309113449632382
11,-0.0051826010261532
1,-0.012654101022393394
5,0.0053763566391664686
6,-0.0009868019629378777
0,0.0012295207039254574
6,-0.0016287017318102892
0,0.010830571405601619
11,0.000967858637993535
7,-0.011294380377794733
5,-0.018629911403174604
5,0.001757461613750122
6,-0.01687587300562443
5,0.0023708618367022094
7,0.014142279844403749
11,0.011585580671189755
11,-0.008704915724854656
5,0.013643922057291036
11,0.003732619332693643
8,-0.0009003160097954543
1,0.0015682609130727165
6,-0.02339906430301597
5,-0.010084007968421793
1,0.01000678700389046
11,0.010834881084996528
11,-0.0001655571642621423
1,-0.002805544685499539
1,0.0028925493729017315
6,0.0011478182196220654
6,-0.0050312645434749115
1,-0.0034324792975669594
1,-0.008652619988183896
5,0.004157312829099924
8,-0.013236795961781622
5,0.0015164305796424582
7,0.004124561036888519
7,-0.002341126947066452
1,-0.007241574421524399
5,-0.008303325214210733
5,0.007215606554336507
7,-0.007649821625212105
2,0.008818482469049593
11,-0.01680817746722485
5,0.0023126050797981357
7,-0.00307798061875475
0,0.015442347689886837
11,-0.005547647771180442
5,-0.014372649355655409
5,-0.013574629686454842
5,-0.013321713536126989
2,0.006613756524763703
8,-0.003776902160201101
0,0.0
7,-0.016688902417640872
5,-0.011815992201679504
0,0.021819927299022934
11,0.03267329754215664
11,-0.0026837800669292644
0,-0.02065323302010791
1,-0.016832693383681208
3,0.03182011072171087
11,0.009827474082858334
8,0.00992555831265518
7,-0.009379571067755221
1,0.01007404091917441
7,0.01417750084365621
6,0.003561069410526807
7,0.015192325298602816
11,0.026290631358664607
11,-0.007849279406545895
2,-0.00018644888640007018
1,0.0024466184665814517
6,-0.006097003303232373
5,0.02381849310376305
11,0.009637476651391141
11,0.003206582402457414
7,0.0061677788389962185
7,0.0017303716460022045
7,-0.030791376414352034
5,-0.0037099010110469566
1,0.0032710137768325875
7,0.020223654307806482
11,-0.009548885331989276
5,-0.00330336391321695
2,0.02903678767050044
23,0.003365191058224415
18,-0.02460064110182425
5,-0.011085187041698696
5,-0.010289976224694408
3,0.017917483015471802
11,0.0074695457428768375
23,0.005085339126647659
20,0.018577282103348303
23,0.004294563580121258
18,-0.0023921703365874514
12,0.004187093280205945
19,0.0092792682819538
20,0.009784913491383884
23,-0.0044281888941928305
13,0.004371775710348524
20,-0.006256527713304538
13,0.007396436544242713
23,-0.0049406230497910375
14,-0.004017459253036093
13,0.014380913508263093
23,0.001555078230460305
19,-0.0016433353822236096
12,-0.01220151256705726
17,0.010645777278608826
23,-0.0030594271805312045
12,-0.002463693581500781
12,0.012026007449107423
23,0.015483097535483159
23,0.0
18,-0.00290850267619458
13,-0.012688832456320576
17,-0.006527415056918784
12,-0.002357086558425925
13,-0.012252088382889936
17,0.00712183218483764
23,0.011593992501599315
23,0.003053355246461553
20,0.014900557736911013
23,-0.007359294148234552
17,-0.0006954866722044262
13,-0.0008708392626189942
12,0.006192752507834909
18,0.006591452616829363
23,-0.002493773439196989
12,-0.015927666378109273
17,0.003648667941259287
19,0.010289622103856422
23,0.0038406126539991536
19,-0.007731487309341256
17,-0.0023118783315725366
13,-0.00951320369770614
12,0.0033710725336526526
20,-0.01092846272327419
17,-0.003750547749262201
2,0.005237873925241221
19,-0.012948410476099403
5,-0.0007911740998156613
0,0.0013274471316717662
6,-0.012131843986092017
5,0.0053272318045574085
8,-0.000527961623688955
0,0.0038012755899512474
6,-0.0003511932835071896
1,-0.03135704648810955
5,0.013407041988555024
8,0.009184117389950952
11,-0.0038906607680586625
1,-0.021206493910930324
5,-0.0021024072552611184
0,-0.008663972315700486
5,-0.006438599795595135
0,0.013440109743045436
11,0.012630616547958606
11,0.0011715686237434575
7,0.007086412471691839
11,-0.003999685086592097
2,-0.011234972082811101
5,-0.01261914998087299
5,0.014121900440496882
10,-0.014827592548830593
5,0.011905869254215329
11,0.01558227736249318
11,-0.0034049933567523727
1,-0.0027688242330178303
0,-0.006080660771186297
0,0.01808088633185645
23,0.01624230420840478
23,0.0004334988430549913
18,0.014335374003066503
23,-0.0073278851898346264
13,-0.0033225370486799077
14,0.0029942550769839205
18,0.009216190429689908
23,-0.005058701464329629
17,-0.001378866432669601
12,0.0058635879798059065
23,-0.003672077803406837
14,0.0012787203118673762
19,-0.010815468980518994
17,-8.674879415204728e-05
13,-0.003982676056040302
14,-0.01285946454628406
17,0.00660676552306616
18,0.004735603975340785
20,-0.003914104312940481
12,0.0029764188733167884
19,-0.00035094678320080064
12,-0.00763093351706523
13,0.000621666925158193
6,-0.004417351260848523
2,0.014462815439860277
23,-0.009188910697323971
5,0.011686041086706345
23,-0.02037384236152906
5,0.0036029682757507953
7,-0.009406943432367587
5,0.013428827582645742
23,-0.0037922242480851187
14,-0.003808682899594351
1,-0.0028268525039848447
1,-0.012279740942741424
5,-0.005130972307267889
2,-0.010401536920032095
0,0.002380753945702141
7,-0.021859928097873738
5,-0.009913830184367312
5,0.007849037503586676
8,0.011206808102180998
7,-0.0031163734431333134
1,-0.009392234414344558
5,-0.020159775002321245
5,-0.00942507082357702
5,0.018309192233511906
11,-0.008283492988857
5,-0.02083912174272129
5,0.01553381196494752
11,0.005473439692463611
7,0.002648410187464423
6,0.006016441936828709
11,0.0021687859734971227
7,-0.00849604525119163
5,-0.012805409629403242
5,0.0066531252317652
11,0.00768804980292126
7,-0.011729413312897674
5,-0.008711641917018675
5,-0.002973422102373724
0,0.004223340547663712
7,-0.001675980471307792
0,-0.025399137961742535
5,0.004608696308274096
8,0.006288743985717993
10,-0.01970818469785207
5,0.015327152459261528
11,0.0048430841761522014
6,-0.020839318411430052
5,0.008553758277585644
7,-0.005678979900694658
0,0.010866354239999598
7,0.021585602601659648
11,0.011856597091401744
11,-0.0094686314679574
0,-0.01026797408393354
5,-0.011844355797231088
5,0.012067766291863569
8,-0.02731809979856281
5,0.026470633962635493
11,0.009441627463713465
7,-0.00282143072676444
0,-0.021677772930665196
5,-0.01951269231611441
5,0.009406038509976566
7,0.026141752543998642
11,-0.009193813207176826
2,-0.02179478982552785
5,-0.04041663805643714
5,0.012096780563535914
7,-0.01585774486121494
5,0.007638552519690034
7,-0.0061457986293715905
0,-0.018602652365718897
2,-0.03197347292237773
5,-0.023628434777340224
5,-0.022592170753291452
0,-0.031496135764955246
5,0.08434665556060628
11,-0.0032039474762293185
1,0.011222645376465445
8,0.025942818777901833
11,0.018137066190293538
11,0.007404197305303395
7,-0.02310737827450926
5,-0.01932202355336332
5,-0.031448737286216555
5,0.01595673973238676
6,0.002617454425287491
7,0.028613422661045274
11,0.013207574490115448
8,0.007000832289897785
8,-0.013089298782064218
0,0.035947030985267414
11,0.007109044465138714
8,0.00430943252740823
6,0.020757569659858532
23,-0.004534911480275627
13,0.007258599401719357
19,0.012462063755661168
23,-0.014686008027670838
17,0.0036876879213609826
19,-0.016091884380787236
17,-0.012650089200447967
5,0.009532187778908074
6,0.0010907337891388202
6,-0.027003245751004212
5,0.010495432781513214
8,0.0032772168892329923
7,0.0027855153203342198
6,0.017508476034838294
11,0.00614436649488681
19,-0.014491229042886022
17,-0.014325102498708775
5,0.011049675279764415
11,0.006494254248234244
7,-0.033667043449691736
5,-0.0006896355190789683
0,-0.015001755408472484
5,-0.006712196268424675
2,0.00011957126178141486
7,-0.0015769635973130747
0,0.011754776241497122
7,0.008351055538710073
8,-0.026470588235294135
5,-0.0025609644447884827
0,0.03991266411921579
11,-0.01818397533513827
5,-0.009983183030405907
0,-0.024154588481715478
5,-0.011616291950235724
0,0.00701672979725565
7,-0.01251735882677274
5,0.03451366086412433
11,0.02509141566717088
11,0.017187504298412204
11,0.019657421846941414
23,-0.009838697795689022
2,-0.006751503150355109
14,0.011294898420249666
20,0.02326367860267453
23,0.0052778615968764875
20,0.01610904989582962
22,-0.026336081428633085
17,0.022559776492729
23,-0.016895237408088293
17,-0.005725214703045323
13,0.008457374801748019
20,-0.012714777743476069
17,0.021731728376970016
23,-0.007298537865647936
12,0.011118473986652777
23,0.0060553367027074145
19,-0.013692616309510353
17,-0.009720504421560028
12,-0.013964919787372576
17,0.0033836612900062235
18,0.008265436588043462
20,0.007327674745704504
23,0.01555557250976558
23,-0.018122605982554663
17,0.003776982670120388
18,0.026561450327666325
23,0.016090689938682345
23,-0.000641903999074267
12,0.0005351926746706148
18,-0.014720132707362832
17,0.019022937744154866
23,-0.008649785531932075
17,-0.01403586414739233
14,-0.004075037570165918
13,0.007409832516618531
18,-0.014019227916490906
17,0.021193918935907607
23,-0.017239482816353346
17,0.007553880588021089
23,0.003981426870623528
18,-0.004714915784699181
13,-0.006339754209786164
0,0.020374101951373458
23,-0.005691192479255758
17,-0.005757270203979092
1,-0.002126410915012422
0,0.00885651280891575
23,0.00479964641983055
8,-0.0026788466746261452
0,-0.0034559372256457443
0,-0.017760812132589843
5,0.0036450585657485934
7,0.0027276451754851827
7,0.024985945512984387
23,0.004839894338219075
19,0.018851394793665488
23,-0.0018299049101517806
12,-0.0087852232690252
17,0.010781941483989366
23,0.01207178517881169
23,-0.005452235741274292
13,0.006904729450762481
20,-0.01218729290667786
17,-0.005189225480363158
14,-0.003626708532889711
0,-0.01782769558288555
5,-0.006759023282761012
0,-0.0004507145411530855
0,-0.024946372906975878
5,-0.0061822744422946885
0,0.0023356835694483546
6,0.012409332834353082
8,-0.02719207956511671
5,0.022697516317066846
11,0.0010448568368108813
6,0.0008205333117743407
7,-0.010495644616663524
2,0.0009481355820317727
7,-0.017548055928643946
5,0.006590019863301766
7,-0.011141429546111192
2,-0.012746574570814406
5,0.0024345337130540212
7,0.02160979385630446
11,0.013013113569220858
11,-0.0016408742399109943
1,-0.010327394236274934
5,0.009480956124650719
7,-0.01330504238028496
5,0.018324343922632824
11,-0.009283489769827846
5,0.00764634902011041
8,0.005090568236790771
8,-0.013722798135406888
5,-0.014294186919173169
5,0.010168216095925997
11,-0.0014480842597410781
0,0.020953303169755744
11,-0.015496353546518571
5,-0.011782114314131231
5,0.008459819960330739
7,0.020442933790911333
11,-0.0008313503249559595
0,0.03977953188645422
23,0.0016064186712247963
19,0.00779102102069551
19,0.009389667670115953
19,0.009797241973971804
19,-0.015110136927787732
17,0.00899237720205992
18,-0.005481906588883256
14,0.008680555402251544
20,0.002775504341175683
18,-0.007147048872373718
0,0.009266872909411639
23,0.006625563456577499
18,-0.013165362464049646
17,-0.0023747493356093274
13,-0.025348609463827665
17,-0.0012457599835763444
13,-0.015052080374237553
17,0.004822664094625839
19,-0.011456466586611036
17,0.01692003780593021
23,0.01058084736778997
23,-0.018462947330619928
17,0.01426947297043002
23,-0.0023369584136021526
13,0.025140268261846677
23,0.006112175745537574
23,-0.0018572945614827585
12,-0.01171960196121391
17,0.01492700616627829
23,-0.0003255782450140021
12,0.0
18,-0.00021754398895490468
13,0.018020987001697852
23,-0.0047074188045350684
13,0.00935084628139582
23,-0.0003211173183992333
12,-0.0007565898980116392
12,0.00969515790290365
23,0.014759328913561243
23,0.0019041606632834718
18,-0.006099423956219541
13,0.0023184869018675336
19,-0.00021073498993595674
12,-0.015932023108759075
17,-0.0038784810551084625
13,0.005862565540648346
23,0.006670282592126098
20,0.002459139954404721
19,0.022508021494448638
23,-0.0018779374860854459
12,-0.004797654335104484
12,0.01094885720184191
23,-0.0018455891256916601
12,0.006176000665952364
23,0.015359409622692555
23,0.010854125329171405
23,-0.011354575421541058
15,-0.005264722696565194
14,0.008023572241246724
23,0.011496564618260985
23,-0.0013895721056919053
13,-0.010436368605386659
17,0.017006848671538233
23,-0.00401681232429385
13,0.0027643279372699947
18,-0.01593863396605877
17,-0.009463063592170418
17,-0.010356951341415677
17,0.003054321101963575
18,-0.010149193264885392
15,0.010431624925289817
22,-0.011037937598892378
17,-0.006006963550727162
14,0.013161941175289238
23,0.01012453208451336
23,-0.003330996588989943
13,0.010536832978277566
23,0.006467676874416961
23,-0.003368968926470317
13,-0.005408586798273718
13,0.008552152926259327
23,-0.004644205587762684
12,-0.008581526344026202
17,-0.008828483396511655
16,-0.00655573893974426
12,0.004948550896546333
19,-0.011764687831556486
17,0.004863671250024071
19,0.00030237657064513535
19,-0.015001500470513629
17,0.015913233697022244
23,-0.00508122070613215
12,-0.007389633196323353
13,-0.004417618662173273
17,-0.005901219718695283
12,-0.006855532699250322
5,0.0020344276533779126
7,-0.020221577269692537
5,0.0029992854297742344
6,0.00854174999171664
11,-0.000406844138034157
1,0.003969055375225183
8,0.008509816382090252
23,-0.007814053112417674
5,0.002119062439011943
19,0.0026167686657943
20,0.005503883219034833
23,0.0016883321563552212
19,0.0015953338443941423
18,-0.002770968829639453
12,-0.019459492451435967
17,0.0022064108186052867
18,0.006130659400518157
19,0.0008995135946578969
19,0.0035856633952218164
19,0.008249695119962874
23,0.011412865693380958
23,0.003202968406915918
20,0.003006839889198476
19,-0.001068589544809706
12,0.006211174145593246
23,-0.003579401535754201
13,-0.005559345573105778
14,0.0015671269784585107
18,0.005298726981928015
19,-0.004194306664609626
17,0.013205501611964321
23,-0.0009664292643155603
12,0.011605386175374877
23,-0.005754277293927412
14,-0.0029168247624112853
13,0.0034116981773040234
20,-0.019491874347308258
17,-0.011142933063858051
17,-0.004878589020842816
5,0.006281128955627935
22,-0.005274745133205139
1,0.018355985699299415
23,0.005101507323747034
23,-0.002700866058091278
12,0.0036721805285147013
20,0.00968429187790143
23,-0.0031630578478190063
13,-0.005720809399635596
14,0.002877175231766449
19,0.0018145587151898734
18,0.004484671542199115
19,-0.008218427560607311
17,0.006973665980181343
23,-0.011472447809502406
17,0.0056486738585308505
22,0.0003816152990250288
18,-0.004710159276355208
14,0.004470785180303194
18,0.007293591234513563
22,-0.00106034907091479
12,0.010194244319795764
23,0.00391336904883377
19,-0.003686543021772515
13,-0.0009487521126509968
12,0.0022694833453382746
18,-0.002169975772946864
12,0.0033178356356884375
19,0.0075757865844463534
23,-0.009658653274494
17,-0.005295986097098471
17,0.0005709885819709104
19,0.010453277953341722
23,0.0033015608628259585
20,-0.008834609285016115
17,0.00019060759096745095
19,-0.013302941412932867
5,0.006632725651281701
23,-0.002115396352914689
0,-0.0002877856860289407
13,0.00859675112710101
23,0.002459041885757074
18,-0.00046979349016618155
13,0.0015995311525958122
18,0.007019185874687972
23,-0.0004655934405108919
12,-0.0045517682937677995
12,0.004012319795862362
23,-0.0025205775348952075
12,0.007775921375921424
23,-0.010750728875857929
17,-0.0003745742005265562
13,0.011717285305813174
23,0.0015744944616404855
19,-0.014381237713264161
17,0.004457683465576068
20,0.004071834641377503
23,0.010778425942442604
23,-0.0036596661913127493
16,0.007997083732516508
23,0.0022835220344754603
20,0.0009131309950778377
18,-9.11688662286192e-05
12,0.009627658516611515
23,0.0008101896683063714
19,0.0005394493610433315
19,-0.004564117742848928
14,0.006715014626250682
23,0.003477169908297606
23,0.004804706098940237
19,0.001147878617377307
19,-0.0038996936476619615
12,0.005952893387636937
23,-0.0046865222076171165
13,0.006562591785653993
23,0.0018490718062600386
19,0.0016661034714211542
19,-0.0028813571515933223
13,0.00849909089675438
23,-0.002952895081578366
14,-0.004956519085427935
14,0.012938223313492925
23,-0.009244057838654118
15,-0.014002440105638447
17,-0.0007044223615704226
13,-0.0003523016853017591
13,0.002374707825048228
18,0.0003516873244120422
18,-0.003003833907161302
12,8.838151800216743e-05
18,0.009081280161569394
23,-0.001656883361346173
14,0.004987746770325208
23,0.010622561923481877
23,-0.0027593316500463816
12,-0.005957541385117837
14,0.0027621898924383714
20,-0.004647102412346227
14,-0.009455845068399582
17,-0.005195757586368144
13,-0.005467843049278609
17,0.001050168461603107
19,0.003582069416292688
23,0.0028793458624665202
20,-0.0014758728599412185
12,0.006324208221463845
23,-0.0039675614523566605
12,0.0038178086022233604
20,0.0023331890789688448
20,0.008317441515355517
23,-0.011861761190106845
17,-0.005212845196136073
17,-0.018654108846559492
5,-0.01138788934092827
3,0.007607611640408463
11,-0.009530593451659297
5,8.94805541216126e-05
7,0.007666256088536327
11,0.0032830768110130304
7,-0.012009661591806164
5,-0.008051378526118924
5,-0.007165541183921542
5,-0.0002737614418288903
0,0.008357541366662335
11,0.0006308552217175745
6,0.008599830763171168
11,0.0059661455987360945
11,0.0009735429014186003
7,0.006279287931272082
23,-0.0014806913383876852
13,0.0070766867470963835
23,0.0006095941279109507
18,-0.0027838164708112734
13,-0.009011358483032472
17,0.0020945877110685185
18,-0.017785901559630668
5,0.00692654981857066
11,-0.0043190645830785135
1,0.003968994430568751
20,0.0024658632476588505
20,-0.01893411314375848
5,0.0041889593002391035
8,0.015736100553354948
23,-0.0005243625201354352
13,-0.002620113989151296
13,0.0006127960497863683
18,-0.009395027663170352
5,-0.007895665188166867
2,-0.010787190017157888
5,0.007003670288773689
11,-0.0016926720837973086
0,0.003291478561816108
8,-0.0018746571216368135
1,-0.01132891676318315
3,-0.005573835862057397
2,0.0026493780189378313
6,0.008031370410412908
7,0.002095442083297261
6,0.0008185899934813889
6,0.0019285433524633966
7,0.0014613541440420263
6,-0.011131252098946609
5,0.0015532736690733184
7,-0.001454975541813952
0,-0.0023523218954306646
1,0.017743375078871138
11,0.0051942878617061705
23,0.002932306987471822
19,0.0011531735079113314
19,0.0022230126448090637
19,0.0008847073803508465
19,-0.006382423865661013
5,0.0
18,0.011196302915009726
23,0.00428432151790048
23,-0.006287671009267415
17,0.0027183230103915434
23,-0.005271467894305104
17,0.001053512867251527
18,0.0
19,-0.00017564025765848257
13,0.0031782521499139627
18,-0.004835191663804972
17,0.005657203263382149
23,0.010034322537839646
23,-0.0014839225957417046
12,-0.004982145843663743
12,-0.009343343749469213
17,0.0034352100223891124
23,0.004032603539084079
20,-0.011466061782002268
17,-0.0024744291236281635
13,-0.004271632510467249
5,0.0036669678120198057
21,-0.003309141626567036
0,8.952860831690224e-05
7,0.002331439598789009
7,-0.0005360754072134544
1,0.0023368191788957215
6,-0.008412339627549836
5,-0.007708170769058942
5,-0.004604985428717456
5,0.010042528025065778
11,-0.020032175548943543
5,0.004754907097332062
8,-0.006020832380702834
5,-0.004029695316128845
1,0.006602416975328929
11,0.005020496641185979
7,0.00027138392480940965
7,0.004713530135105781
11,0.007986180541976973
11,-0.006490590631230031
5,0.0028209806198520315
6,-0.017136634091571068
5,-0.0072470389222472065
5,-0.00018684959534331913
0,0.009971109115345822
11,0.004457683465575846
7,-0.006500714582636791
5,0.0008403731892385746
7,0.010826989627754857
11,0.0014712980423849942
6,0.013914505924627285
11,-0.0009106499985825911
1,0.007937257017950117
11,-0.003166043363669102
2,-0.002621121810621463
1,0.006979032269440966
23,0.001261710443435371
18,0.0022482015005482747
20,-0.00620394204129715
5,0.00406648231836515
19,0.0033348603583527314
19,0.012046062504659671
23,-0.0018694834955000905
12,0.0028434307110447588
20,-0.0003551848210956443
12,-0.000799470002084135
13,0.004799155098096364
20,0.0010590658297382483
18,0.003177410420607929
23,-0.004413062546623214
17,0.0025697910451796258
21,0.001770735573621618
20,-0.001775068354419429
12,0.0018625195962098662
18,-0.008444417317708175
17,-0.005824386512242041
17,0.0026086257111079814
18,-0.003150301340486772
17,0.0033359940940467236
19,0.005664933536591921
23,0.0018825556138730715
19,0.012381964753230834
23,-0.0022787216451141123
12,0.0004392011631795256
18,0.007998626078581594
23,-0.008130794959850252
17,-0.005656203102233914
12,0.0016847175338075004
23,0.002941192870147047
20,-0.012920345880288897
17,-0.009312329089232185
5,0.0021618221979926577
18,0.0071241854078420985
23,-0.011426520421843889
5,0.0012683402168147673
7,0.004061710845054467
7,-0.010792378372948441
5,0.0010022834656178148
7,0.01280308451170531
11,0.013467409202633673
23,0.0039014226473554903
20,0.0007071623030221463
18,-0.00044025557800408954
12,-0.001055644577465098
12,-0.0004346294261829975
13,0.015420842405342361
23,0.0019649356816964225
19,0.001111277566143709
19,-0.0017082727580183255
12,-0.0007688052261026757
12,0.005803040650322666
23,0.006950917066535611
23,0.0019409565985957222
19,-0.004055452470922094
17,0.001774090391146288
18,0.0017716956604687528
19,-0.01078347777763633
17,0.006913076731642098
23,0.0019503379660679165
19,0.0014374380922062002
19,-0.0013501279151563184
12,-0.008249880877014948
17,-0.0009322085623013621
13,0.009055515078384646
23,0.0019311785044529017
18,-0.0005028711744318182
12,0.0
18,-0.011632767716952874
17,0.004906537818684997
23,0.009057048420113567
23,0.0034477267778536547
23,0.00509352537968133
23,0.005075724819458838
23,0.0014913033117387453
19,0.000745496495863307
19,-0.00016739195730497425
12,-0.0023381943991387377
12,0.0066053589097516685
23,0.0024921337315388925
18,-0.000827385631199995
12,-0.0056105637153287535
17,0.004476134932521303
23,0.0023125105307444382
23,-0.0022240878835850797
17,-0.003544932352493757
12,-0.010365206746805078
17,-0.013531440028277997
17,-0.0061478502667364765
15,0.0014353104140587547
18,-0.004454894291491818
14,0.005577181701315048
21,-0.003877268095407449
5,0.001435795327318079
19,-0.008597409375538212
5,0.002288688991036514
8,0.012028785533556574
23,-0.01013145006598648
5,-0.003308163471605674
2,-0.008574599952289486
5,-0.004611779853289311
5,-0.00025666245617550487
0,-0.0007671014159966738
0,0.002047938038823194
6,-0.000510660989740952
1,0.00178047239763246
7,0.005581426318049587
23,0.001763808909615694
18,-0.0008398998502573418
13,0.010336162663307613
23,-0.0014968840347258094
12,0.0003328694028197354
18,-0.009217743125973787
17,0.000668512445361813
19,0.008939011880567449
23,-8.2874604591332e-05
12,0.0027317400109565515
18,0.0023153789679177805
20,-0.008248783076048594
17,0.0012475177024606765
19,-0.010842393955076246
5,0.004372291614664903
23,0.008386447651084872
23,0.00964499621257997
23,-0.004292234964189179
13,0.003393508220038033
23,0.0033951310488742337
18,-0.003616656486615799
13,0.005571489456558165
23,0.0010598177852341184
18,-0.002771634001513368
14,-0.008198737312386517
17,0.00033004056546648286
19,-0.007583861078728993
17,0.004394318685140508
23,-0.010541910711576952
17,-0.004845398633643638
2,0.0004191019426789122
6,-0.004785489815325228
2,-0.00513857817417307
5,-0.01241869719180666
5,0.0004275592395264205
6,-0.0027243291104921408
0,-0.000936813252145563
0,-0.00520744932158046
0,0.011988367361818408
11,-0.00194604748441074
0,-0.010115459630996582
5,0.002300584881239187
7,0.0034810975238475095
11,0.00126637002738339
6,0.0070094939277984825
23,-0.009817891977195625
5,-0.0016907986819574283
1,0.006870791100070939
7,-0.010627484250859687
5,-0.013884198139922477
5,-0.013737656533933107
5,0.003329804103333167
6,0.002693355274526743
8,-0.013693831160265013
5,0.010628114042798176
11,-0.0014687936070759688
1,0.004056630573339826
11,-0.006554002606336984
0,0.006877946294004733
8,-0.009282551626486724
5,0.005909449091676455
7,0.0028431276981333298
7,0.0045661995407111355
8,0.007286742074602781
11,-0.0017846442401668883
1,-0.0071229031214400385
5,0.005204339349170528
11,-0.006475819123022752
5,0.002651137926833913
7,-0.011677486789513303
5,-0.0049871179349544326
1,0.009507399589714138
11,0.01005066688547962
23,0.0059277212240214094
23,0.0022685622590854493
19,-0.001843418787157547
13,0.004781475540657665
23,0.0005023238225667637
18,0.0005027665584871333
18,0.002170482796922446
20,0.0015825624293679397
19,-0.004996656104030106
17,0.00819949284185717
23,0.00440820730681879
23,-0.00331813783287227
14,0.0007503457238433597
19,-0.0021596655664808395
12,-0.004317833112585712
17,0.006180102775732221
23,-0.0029860701529675904
13,0.0053359961365773145
23,0.0034039325238470752
21,-0.0005778088651597901
13,0.002808557526366773
20,-0.00148099641122168
12,0.0026428781795917455
18,-0.0002469035333075853
13,-0.0009040155331664357
13,-0.012034281966248228
17,-0.007507456765967868
17,0.0015129890168015248
20,0.006281406954902202
23,-0.004486175153324723
17,-0.008650814381694238
17,0.0006697516374936097
18,0.010398304937270453
23,-0.0075587344241907495
17,0.01403327432468493
23,0.011252800369965454
23,0.005027615603278024
23,0.002213331233618554
20,0.00130860936045063
19,-0.0005691957465724373
12,0.00040716200008561465
19,-0.0012245022520726012
13,0.0025262615997605486
19,0.006933731372116059
23,-0.00671794261880343
17,0.0053711236723763545
23,-0.0017826854726095132
12,0.0008925827960779564
19,0.0023481855508287186
19,0.004920947199554826
23,-0.005385465626699393
17,-0.0014536081927976063
14,0.004197922269608911
23,0.0037827060016348835
23,-0.004105305662474579
17,-0.004617251591048643
12,-0.0040600892716589065
14,0.002681633655140958
20,-0.003957340211413585
12,0.004461775506900967
23,-0.004127232641336964
17,0.004869326961346232
23,-0.009964382150084994
17,8.179480019832042e-05
18,0.0011470658430796643
18,-0.0013047055067952895
13,-0.0008973781098744471
12,-0.0021224664182077912
13,-0.006478603409139305
0,0.0019777327300150027
11,-0.005926911432391213
5,0.010630335855555284
11,-0.0016494593669457158
1,0.011469587933381709
23,-0.00024484802578195186
13,-0.004721219684645561
17,0.008478666680931113
23,0.0022648743420858874
20,-0.0012938998655261935
12,0.006218175173064555
23,-0.0008035233151727494
12,-0.003786301471908393
17,-0.004283164606810219
17,-0.0035601167169613257
17,0.0016220352254026071
19,-0.003077710205357742
13,-0.009334366274112105
5,-0.007225529573879674
5,0.003224467957740673
7,0.0016496583731504533
6,-0.0036059238167232
1,0.00024692568729700604
6,-0.002132388547360975
1,0.009132049218286697
23,0.0034252011053474973
19,-0.0029277863779443303
12,-0.01278605491585827
5,-0.013360847394490949
5,-0.004842226055815635
1,-0.000751849124353221
1,-0.009024079447700228
5,-0.004706257405222347
5,-0.0075175217014678
3,-0.000255395705182182
0,0.004656242884985895
7,0.0026094069918387586
7,-0.00941653542620191
5,0.01940424493018611
11,-0.015231397835484106
5,-0.0013526389455659205
1,0.012833473587763322
11,0.0
7,-0.0011714449598021481
0,-0.009228175354725199
5,0.011568038022897298
11,-0.001330149313256257
0,-0.0007464253269067189
0,0.013148055713817941
23,0.0009823587039585746
18,-0.0023692884960139216
13,-0.0011440662458622741
13,0.002460453137102858
20,0.002539298443186011
18,0.008173941719256783
23,0.003323904881890938
19,-0.000807807362319557
13,-0.0025091475542774466
12,0.0009726441964499344
19,0.007761958943272029
23,0.0005597288996541661
19,0.004874155836309901
23,0.0058936405507552525
23,0.006178208152846532
23,0.0011812402938968791
19,-0.008015690711720258
17,-0.004421675335502195
17,-0.005944831786853122
17,0.00531666256298613
23,0.0006310785925154327
19,-0.0009470806635970552
13,-0.0018103372798810025
12,-0.00544288735728593
17,-0.001742998087271741
12,0.0013474806912705528
18,-0.002051946477066413
13,0.0070400205864507015
23,0.004874558576041466
23,-0.003128863485158173
14,-0.007228144074235776
17,-0.008048640775208615
17,-0.0002383503825790223
12,-0.0015053275199548022
12,0.003008509937118875
23,-0.00015772711199679712
13,-0.011735963094786861
17,7.954617783045848e-05
18,-0.0042157077167575
17,-0.002323725227851736
14,0.012061622153435758
23,0.003468409579767462
23,0.0018088535177267495
20,0.0032807229724149956
19,0.0027254797422997523
21,0.00397222921769913
23,0.002247661420940794
19,-0.002169187909242143
13,0.0008554510795442116
19,0.0010140786732233398
19,0.001881155826344294
18,0.0014047660104739013
18,-0.018007464769063786
17,0.0016638862688851397
18,-0.0006317160498714447
12,-0.0029911622377163383
13,0.000864444875061432
19,0.006893228879677915
23,0.0
18,-0.006390331027233298
17,0.004459393648764909
23,-0.009367716787359037
17,-0.0024490850332112846
0,0.001265390933450572
7,-0.00712133182500152
5,0.006118428937599507
6,-0.004018236008458409
0,0.001660990935424822
7,-0.0015007489281333442
1,0.010200861338498513
23,0.004072655402753256
19,0.00638933573022582
23,-0.0018597868073493284
14,-0.0048020688889827134
17,0.0038828918491147224
23,-0.0014698107459312215
13,0.0023236236568784374
19,0.00046377759052163015
18,-0.007507749563583355
17,0.005987472605966104
23,0.0035687101291612677
23,0.0006994352931635195
18,-0.007511237612572552
17,0.0008603207400788015
19,0.004228727939130206
19,-0.007015914674487589
5,0.006890590084773995
23,-7.757301397093297e-05
12,0.011420914344150157
23,0.004686904640477607
23,0.00015269272040074888
18,-0.00045911816618027235
12,-0.001760530684427497
14,-0.005982962403241254
15,0.006717708384511134
23,-0.001151496259862883
13,0.0016924471990633627
18,-7.686308490162386e-05
12,-0.005464415416768231
12,0.0047909365554639205
23,-0.0023825805636733532
12,-0.0014613323731945682
13,-0.002614066099282719
12,0.006397917662757546
23,0.003062505892467371
20,0.0001527628027471195
19,-0.011597774307765985
17,0.0
18,-0.009318495625657341
17,0.0008542409466634204
18,0.0009332792549523461
18,-0.0013195541917964126
13,0.013728413658658623
23,0.001529613370877092
19,0.000992403685591725
18,-0.004100603955582316
13,0.00015283270344723654
19,-0.005112928901654712
17,-0.0007663302951388395
12,0.008699037227922979
23,0.0051992351821796845
23,-0.008138794510410663
17,0.002824291210524743
23,-0.001982421036490045
13,0.0021360907490508563
20,0.0035592670188648867
20,-0.001131944024619469
12,0.0015103228440391803
20,0.0010573173157346627
19,-0.011772678463987774
17,-0.00859155501644393
5,0.005512902794317043
11,-0.0034679174421394787
2,-0.014144709106426956
5,-0.00895170320618488
5,0.0018128456101516033
7,-0.0011878486484709905
0,-0.015804388515547663
5,0.0038987735724038686
7,0.006382013864435043
11,0.002890480367584214
7,-0.014612821198281667
5,0.00702890041338633
11,0.010598198329642816
11,-0.0019342359767892114
1,-0.01342649029867915
5,-0.0031444189038415393
1,-0.008273603510038474
5,0.0013537041445021991
7,-0.007993052638112563
5,-0.015014294811617646
5,-0.009616896982023837
3,0.005372872694443309
11,0.017507106508812376
11,-0.005108144185264618
5,-0.013795879871473349
5,0.0006450624972351715
6,0.008145178517987572
11,-0.003921551626547837
1,0.0008847471143855756
6,0.0036132724019120044
11,-0.008799283699894356
5,0.004509199996657998
7,0.01653354429137832
11,-0.0020385928678382514
13,0.0029035764395819452
23,-0.0017283464460741138
1,0.001886835683350796
18,-0.004560121235329673
2,-0.0007090276158352449
0,0.006318640296194777
22,-0.008651187266381699
5,-0.011558365751419108
5,-0.00491420787761887
1,-0.0014572563962734764
0,0.0021017067185729044
7,0.01215978525140593
11,-0.010228360985048424
5,-0.009588530267724993
5,0.014223695020415983
23,0.005397684450358042
18,0.0018959277992509627
18,-0.005259838148782281
14,0.007399263496788766
23,0.0014882876904391829
19,-0.0009423207212060358
13,0.003919109522055875
21,0.008481245972309814
23,-0.006817515264403995
14,0.0
19,-0.005308710244533832
14,-0.009361752125254919
17,0.0062411194825366945
23,-0.0012581271920937276
13,-0.004074250993157391
12,0.002963001035575008
20,0.0029383668612912306
20,0.0034727345414677924
23,0.0038405406761170546
19,-0.0003839898277858689
13,0.0009999970653917778
18,-0.0032262881592821646
13,-0.002615674915850019
14,0.001311309547559869
18,0.006016188322535809
23,0.0006896799302789081
19,-0.0016045805984030714
14,-0.001604942331458803
17,0.0021351134710998476
19,0.0012166654155023604
19,-0.004576356500056722
17,-0.0011532669483311775
12,0.0015374918928885428
20,0.004235353836229416
20,0.008655062070642039
23,0.004405969566574575
23,0.0020459912089676457
22,-0.002645233551391901
14,0.002655786640459956
20,-0.0023463334094039334
13,0.001965931998759274
20,-0.005580314378690332
17,-0.0015189257311719606
13,0.005693464088097677
20,0.00815095721550696
23,0.0018727993835674361
20,-0.0003738825310602989
13,-0.0016442542278418681
14,-0.0034445969612453275
17,0.0035367689281495807
18,0.012684849475356641
23,0.0019270272040055048
20,0.00044459103334970607
19,0.0017796827846694452
20,0.001258313554886481
19,0.0020024049228268836
19,0.006127736063160194
23,0.0034518302589758854
23,0.0023439207106312754
23,-0.00043963917386291573
13,-0.0032836906763606954
14,0.0030793912370761234
23,0.0
19,0.006663764487246038
23,0.004370673869834807
23,0.00442863791218473
23,0.0008653909852758268
19,-0.005050118643386892
17,0.0010895967782518223
18,-0.0020280583995944124
13,-0.009839390814213478
17,0.0019779084559807814
20,-0.005318066318983794
13,0.008177534041213574
23,0.0029667414700662587
20,0.006594229435575194
19,-0.005970806876147927
17,0.0007239474732696483
19,0.0028948413408300677
18,0.004677224514462619
19,0.0032241665445846834
18,-0.0004272113183618753
13,0.003501790315243003
23,0.001425494967155494
19,0.0010676481644218416
19,0.0012078022660413357
20,0.0007843739734945121
18,-0.01325920036025885
17,0.005642352056586253
23,0.007170000654245001
23,0.000640816977542924
18,-0.0022059173221841144
13,0.007415281897560133
23,0.0024017825922177938
19,-0.0006343577993096483
13,-0.006125432124655661
17,0.002054795409194732
18,0.002899191538806134
23,0.00021172121377643904
19,-0.002531115947167595
14,0.008881957573768862
23,-0.002103218263050266
14,-0.004139163502738907
17,0.004733296746735727
20,-0.0009839709787009543
12,-0.004568841890442377
17,-0.00628353144227356
17,0.005468392058884275
23,0.004511168052975467
23,-0.0014043742932323688
12,-0.003097300077206988
12,-0.006186326065465764
14,0.0031155027594500506
19,-0.0055898148636993605
17,0.0026274328784521295
19,-0.0016983245242465639
13,0.0068287910269899665
23,0.004096636696945266
21,0.0076680382939267044
23,-0.0007688586336775938
12,0.0011900466341046023
18,-0.004400397365857733
17,0.001964459458924317
18,-0.004822830824650626
17,0.003795926935002969
23,0.006854554935802559
23,-0.011121966472454559
17,-0.0030862202342856193
13,-0.0009845937635885038
12,0.0030908827801330307
23,0.007852450948927059
23,0.003191167071415313
23,0.0005527660707274062
19,0.0010366907977688022
19,-0.0005518509373045877
13,0.0006202563375707904
19,0.0016577254813348041
19,-0.0077209095273500505
17,-0.0034042342979918594
17,0.006190438639493756
23,0.005593905673497934
23,0.0008924616217933501
19,0.001993903199016156
23,0.0032975799367258585
19,0.002541000725476472
23,-0.001232508940835264
13,-0.003019091703183041
17,-0.004525842788331014
17,-0.030442067932788364
5,0.0038463800019976624
6,0.00839671450907864
7,-0.009853658355883699
5,-0.004204934409218319
0,0.006629184155048096
7,-0.00021490636925192153
0,0.00142316932251485
7,-0.0037506106323235144
1,0.0040593030312743306
8,-0.013767961025972442
5,0.0061403319258019895
7,0.0035978987954814468
6,-0.0055990150955879114
5,0.006749981893472645
11,0.006353507838483985
11,0.015520815647665831
23,-0.0020909050786948047
13,0.000767731792914006
18,-0.0020906136010996335
13,-0.0018166190309261143
13,-0.002251245721146211
1,-0.003998822030849114
1,-0.0016873276426834227
1,0.0
19,0.005036030038159112
23,0.0011135337141818802
19,0.003967476379783008
23,-0.0014517211471740676
13,0.0019399901319521184
18,-0.005524119674754524
17,0.006400432265108336
23,0.0028986435157094537
19,0.005965817090199277
23,0.0008164599318967181
18,0.004570246528313504
23,0.0046400045146441915
23,0.0026986499338155223
19,-0.002089354780586916
12,-0.000742094134265181
13,0.005042694960967653
19,0.001070228091788028
19,0.002951253955423283
20,-0.009021692789508373
17,0.0016844091300649566
18,0.004298182779600257
23,0.0025338726393238087
23,0.0011276827127384426
19,0.00046389225321186167
18,0.0011289558166962532
19,0.0034519667722241465
18,-0.007629495980104206
17,0.007412357999008634
23,-0.0021874706994535753
13,-0.0008625721742255843
12,0.00530505991756014
23,-0.0005284834751895229
12,0.0040128980487801336
23,-0.00026221355644096
12,-0.0018336528152764764
12,-0.003334387165816799
12,-0.009637456450977466
17,0.0012541415274340828
20,0.0019744836576103264
19,0.01333678148772277
23,-0.0022775483106454164
14,0.0012996941896024072
19,0.00364734168210612
23,-0.0016261219660949067
13,-0.006672800395055467
17,-0.0162311394477761
17,0.009760605944684642
23,0.0024515364336590295
18,-0.006769790169620982
15,0.009235876343179017
23,0.005261101306078597
23,-0.0004570462694830635
12,-0.003194715592416686
17,0.004719771919367677
23,-0.015887501056878306
17,0.0059570683450929085
19,-0.006401803018424412
17,-0.0027289912614388845
0,-0.012782193874684933
5,0.015324302564275749
23,-1.1102230246251565e-16
0,-0.003114653676033474
1,0.006097953196264827
23,0.0010514106308985305
20,-0.001443577621483172
13,0.003937464401500446
20,-0.0003917312428780573
13,-0.008995962818210024
5,0.008225575410706787
23,0.013257231326334162
23,0.0018114690174630965
18,-0.0010323482575554932
12,-0.0011617677937797444
12,0.0015561531466812273
19,-0.0008375620269296391
12,-0.008974106753991684
17,-0.0013619890067040341
13,-0.011886050963081485
5,-0.0026970375647045186
1,-0.014448352977368795
2,-0.02091630769237096
5,0.009936354963388627
11,-0.01759590492909391
5,0.008610001811968138
7,0.005723709649229747
7,-0.023628433978696184
5,0.013868663108575152
8,0.012539412090180058
8,0.009568075829835987
8,-0.01383703037019779
3,0.002216270694448852
6,-0.008668971143078075
5,-0.018462611515097316
5,-0.011771355943112183
0,0.016524879664701952
7,-0.005429507121187616
1,-0.003650883694853335
1,0.002282064718789778
6,0.004383257405152996
7,-0.005565305319739533
1,0.01262975257697807
11,-0.006087312263236
5,-0.016694050220791068
5,0.015030811403601518
11,0.00481262951481054
6,-0.00040634988874987954
0,0.011054628121726306
23,-0.0027665564814591814
1,0.001216680894108313
7,-0.002798937843245919
1,-0.004982329818736808
1,0.008547592676741544
11,0.003937822374178168
8,0.0024234305146808577
18,0.006352981481239084
23,-0.0014158954792993228
1,0.024390276410351408
23,-0.00032594387956563775
12,-0.0069127271677899005
17,-0.004845821888742496
17,-0.004789369743528837
14,0.003845911016803427
20,-0.00039407263444179996
13,0.0011771151100028465
19,-0.0017664655654517913
13,0.011140215466892034
23,-0.0033633288300117803
17,-0.00019503790243169394
12,-0.0005839746774005672
13,0.005289346130913142
23,-0.0023810741916520106
17,0.005655460086794628
23,0.0011536012709270071
19,-0.009303457103286061
14,0.005596263216357533
23,-0.008063030211659439
16,-0.00408007815472311
17,-0.004710257760120351
13,0.0015640631993301124
18,-0.022339788691332352
15,0.011285722617848881
23,0.0019806402988973293
19,0.0017855234553540988
19,0.001252901081789215
19,0.003658680043944207
19,0.0012993712502313848
19,-0.002541540550046295
14,0.004351202672656651
19,-0.0147432618293446
17,-0.002177798678236087
13,0.0027399335991826756
6,0.008020725897996517
22,-0.016817327427804618
5,-0.005608499224584729
1,-0.00377515987741861
0,-0.010398799640581435
3,0.01864213252317004
11,-0.010387367906969036
5,-0.0070274543673011225
2,-0.0035541267250221997
1,-0.010462584562449306
5,0.004304923613351441
7,-0.009784799674007028
5,0.007408943204927798
11,-0.02409468880436083
5,0.005855804987214608
8,0.02038978009311676
11,0.0038193805568345063
8,-0.0025495815964908797
1,-0.0034415936110578915
2,-0.0020455682821950427
0,0.005948792850556162
11,0.015541932871596664
23,-0.00336807893939417
17,0.005288227513307708
23,-0.027803311058951286
5,-0.011187623915793643
1,0.00498914642552184
7,-0.005137528185387152
0,-0.01050401254840505
5,-0.0015058262252723997
1,-0.0004111111250517663
0,-0.00027235962360538934
1,0.005157154039535872
23,0.0027549279877880917
20,0.00605455225178253
23,-0.00905922738431364
5,-0.00834785438549468
5,-0.006050301514074263
5,-0.010919307424041902
5,-0.00034506280100854436
0,-0.014162123839543184
5,-0.004372012748475873
1,-0.02231136069884576
5,0.00920266599322761
7,0.011526350907596461
6,-0.004475102203972625
2,0.000850064565560249
7,-0.011588777416074225
0,-0.002766488651164689
0,-0.03178292548006323
5,-0.0198902169015146
5,0.02759218741837799
11,0.05326937184309699
11,0.0037924582229931225
7,-0.025419393160471926
5,0.014858255049879476
11,-0.0013960502048893098
1,-0.00494171824676759
0,0.029760130452358036
11,0.011889222565042878
11,-0.009984910010854664
5,-0.013314679462168577
5,-0.011368693405262031
5,0.016160770673024905
11,-0.00015019170652874614
0,0.004883500125303142
7,0.0005930014741906131
6,0.0026468687956124892
7,-0.01299743569888201
5,0.004758359774337917
7,-0.008777040210123155
5,0.014404004751531474
11,-0.013683669880473204
5,0.0048158397466522285
7,0.013206497222875369
11,0.011773313421217901
11,0.004797933075189498
6,-0.0026960824917410253
0,-0.013126834064727477
5,0.0027039252816727366
7,0.005747635106870819
7,0.0030730300384969045
7,-0.014438248087172312
5,-0.0004623376482888464
0,-0.01417125993366708
5,0.014381922163834382
7,-0.01039629972656253
5,0.015739474396467834
11,-0.02380058417129094
5,0.013668352382909532
11,0.02304401989086391
11,-0.028477650833540036
5,0.015609371254600823
11,0.010576878613246077
21,-7.411023869718925e-05
13,-0.009370888760301122
5,-0.010581208653029806
5,-0.011128738440455255
5,0.005179434605410593
6,0.022453409073388997
23,-0.0025538569552854273
13,0.007943413643237696
23,-0.001677331794990855
12,-0.006600336806763862
14,0.00462592607033363
23,-0.0057096755421415235
13,0.004430705299279802
20,-0.008253405941068048
5,-0.0019521717911176184
2,-0.0025452637612675133
1,0.017169711109394692
23,0.007572406608910898
23,-0.00331082989624365
12,0.0023150353332102025
20,-0.0018091033763892872
13,-0.002679376689113444
12,0.0017381625867713968
18,0.0014348078607506753
19,-0.0017872461486503344
12,-0.002223958389777847
13,-0.007394635860029308
12,0.019800477942570893
23,-0.005831121627152602
13,-0.001559739212642075
12,0.014497919706863982
23,-0.01670304550977675
17,-0.004150578275761152
12,0.0021644139953695962
18,0.008689455754881115
23,-0.0022727792420652593
13,-0.0021266253362297594
12,0.010564418350057947
23,-0.0013999506327014855
13,0.0016805930765848576
18,-0.0026710119589563597
13,-0.016359862529939817
17,0.0005737777756378293
18,-0.010140263438790043
17,0.0062409331734814
23,0.0009341444601780324
19,0.006253109226297404
18,-0.0008542401661901788
13,-0.006650989933433271
16,-0.008686336592667598
5,0.0023239457611536896
6,0.01587528445066888
23,-0.02336087204824977
5,-0.0017536569640048683
1,0.0019901546112257584
6,-0.014929754806737416
5,-0.0011144810436194419
0,0.007250097956753576
8,0.005016544894665964
6,-0.010943313050622128
5,-0.0032667787766776923
0,0.0020127043216215945
6,-0.00948505376069897
5,-0.0048451768293739095
5,0.0010682898617953018
6,0.0006832397286409275
6,-0.017921509270266034
5,-0.0058465856496486834
2,0.0007037607922018019
6,0.014701298522742379
11,-0.02026549512397602
5,-0.006293785287675102
1,-0.013960125086205921
5,0.01800144042287566
11,-0.021254894780177613
5,0.006991905042580404
8,-0.0010486801769168386
0,-0.020277829093160116
5,-0.006650288733113352
0,0.02066695923673123
11,0.0004794434943773407
6,-0.0015058636345332
1,-0.003636068901313516
1,0.018617673213314978
11,0.002189371965229281
6,-0.022050758005395354
5,-0.003256780003992654
0,-0.014899232848010757
5,0.018551341830034263
11,0.011171411864737912
11,-0.004474094882239266
0,-0.0075519120809527385
5,-0.008330712822364417
5,0.01856851316948438
11,0.0071081735115678946
8,-0.0074241712647641345
2,0.022041343385794887
11,0.009577550640864407
23,-0.007138414833398277
14,-0.001708098248171308
0,0.013297848849658678
23,0.0018471908465582665
19,-0.01564052289110962
5,-0.0033746689009180875
2,0.0014915020199119944
7,0.008284047745623857
11,0.007616349898849961
22,-0.013819925205872163
5,0.0029129487983043933
8,0.008467281891137546
23,0.007039013541939365
23,-0.00724583729564332
17,-0.015688694414201176
17,0.0
19,-0.023155095007803106
5,0.009165360086193841
7,-0.008200527002659608
13,-0.030527122737990964
5,-0.0013721702299039906
0,0.027759575117953572
11,0.014482222295473468
11,-0.012661357808951723
0,0.041808887828238106
11,-0.02532596785986796
5,0.017111364598446865
7,-0.020363017078162127
5,-0.025231012186801016
5,-0.019031820036438107
5,-0.0035190462866774297
1,0.011641535777930256
8,0.016999045796012968
11,-0.06513347470190356
5,0.02184825725368844
7,0.006853482593337512
7,-0.02696823450562502
5,-0.02232858637987467
0,-0.022678490625955727
1,-0.0637401515538858
5,-0.00010248674302681948
0,-0.08990574337369572
5,0.02005529991847399
6,0.07968462244251318
11,-0.046322813901500504
5,-0.07633903664371766
5,0.027166126658645373
7,0.013262324698712025
6,0.03628735332818844
11,-0.011446845378760062
0,-0.02746778586286247
2,0.015505609831466316
7,0.03545090939190643
9,-0.023496617933913444
0,0.07350590871910367
11,-0.007358375138245665
0,0.005429153049575364
7,0.018405552863887342
6,0.003409814375047171
7,0.013628166129492358
7,-0.030342687494299136
5,-0.03811135410769728
5,0.024113464786453154
11,-0.027098013400521537
5,-0.010907949205180234
2,-0.027315012698794994
5,0.058516208942841264
10,-0.031204572209515558
3,-0.010534800435859526
0,0.02266588691239435
7,-0.05133283056830329
5,-0.05840509753638057
5,0.026594340084451273
7,0.037963875486639376
8,-0.018785788457259534
1,0.05539736654669003
11,0.016472967727823695
11,-0.061707249389304164
5,0.02156457884316909
10,0.0470023752664912
11,-0.00883098452702713
0,0.05116555530453604
11,0.00730577472729621
7,-0.009627118735646367
0,-0.0023250563018401005
0,-0.017869091554182037
0,0.04021034119578615
11,-0.014266419804064623
1,0.0
19,0.0016512718177679186
18,-0.023085345460898465
5,-0.010213199195274303
0,-0.017159677591336853
1,-0.01565172096759515
5,0.0024292275451776035
7,-0.0009169441038395787
1,-0.003782602129076773
1,0.016683796695603048
23,0.013021957890333669
23,0.02786373921981089
23,0.0023750537323374843
18,-0.001815443934786165
12,-0.014456541641898801
17,0.009760395049626336
23,-0.022707407207785746
13,-0.021274194817164083
5,0.004381381744609225
6,-0.013677789997929901
1,0.0033285636014586117
7,-0.00931752907140515
1,-0.04345249336628565
5,0.025750555863851554
11,0.004003904857875051
6,0.0273176643113624
11,0.0010767313222665997
6,0.004754564827501584
7,0.01145830840608264
23,-0.018116334311188087
3,-0.025300087561169637
5,0.012382029422694174
11,0.007701557176896134
7,-0.011506538381826359
0,0.022611884106263913
7,0.024982356013834472
23,0.0016099286007633662
18,-0.036629142873263576
5,0.0017975018737501625
7,0.018133205870353608
10,-0.009455426531079336
3,-0.011726576827123747
0,-0.00952502979709291
1,-0.020791534429555614
5,0.008992503347119651
8,-0.04625009930300272
5,0.029087560297194726
11,-0.003500086144706871
0,-0.028270328410043843
3,-0.001080959718220642
0,-0.026475431023463503
5,-0.021505388945698756
5,0.007019513918797626
6,-0.0185448709081385
0,-0.006916474731698652
1,0.0023547265532808392
6,0.03826781687478009
11,-0.004931515210295334
1,0.03965845696079273
11,0.0010524167795282757
7,-0.014293119636263452
3,0.027737618230792682
11,0.0272458914419782
11,-0.024589124629501136
5,-0.026028478874492
5,0.04419613222436758
23,-0.00787788535792
12,0.002708279973126615
19,0.010455934472359374
19,-0.005362613346018841
14,-0.012656667889791806
4,-0.0005027767314582654
12,0.03221697209504937
23,0.004212788473847429
19,0.009222712805878164
19,0.003119776189770107
19,-0.007294814275028538
17,0.005727531497518257
20,0.013464029931520294
23,0.010716011325140995
20,-0.007997181170621759
12,0.0168177925059394
23,0.00663330260444428
19,0.0028791891595998376
19,-0.024666829410432523
15,0.027046581405741232
23,0.0029659508516384214
18,0.007791331238844901
19,0.007323083712098333
18,0.0018673673219533615
18,0.007061297699203717
18,0.010055510637282827
18,-0.012761206593657537
17,0.005146351048465725
19,0.026312751229362163
23,0.0
19,0.005017442004160655
19,-0.02311580987526296
17,0.01032277072952037
23,-0.005016347871116045
14,-0.0072028380715708495
13,-0.011811874123318855
17,0.008115432944055367
18,-0.007385069283044388
14,0.01876047178027207
23,-0.0006580122657703358
12,-0.015660629252900016
17,-0.0027945450766652113
13,-0.00491842662541031
12,0.03327300159685409
23,-0.01935700158795517
17,0.005085110425914419
19,0.01214177020984275
20,0.011743338268642933
23,0.004766916747547034
18,-0.00414716488570388
13,0.005638284886136935
19,-0.009843908608656138
16,0.003410137859197082
18,-0.000528071078979564
12,-0.01131128815546123
13,0.002537511726826036
18,0.0072033929468673374
23,-0.01128137046532729
17,-0.017054638099687547
17,-0.0005458015632764379
12,0.0057803333535253465
20,-0.0058328030335619285
13,-0.020408170098833778
5,-0.0013412623778334964
1,-0.00044366585961175264
12,0.026876365688875525
23,0.0007627732089441341
18,0.006405345065477297
19,-0.008304618877517878
14,-0.00010823594576903073
12,-0.014484799019070516
3,0.009669446669041015
11,-0.018392615569254755
5,-0.006659852830790625
1,-0.004965607023761365
2,0.0029646766850393025
6,0.020269516079871597
11,0.0025448480186240907
7,0.015793536828179633
23,0.001182802261844751
18,0.0007442026009050196
19,0.004752819463368807
19,-0.0031292692517264076
13,0.006213184214126866
18,0.021441303615428176
23,0.008847743182641254
23,0.0048018107263148035
19,0.002355065727161154
19,0.002155162963988433
19,-0.0016189786415555796
12,0.0016218553496207821
18,0.005908903117690656
19,0.007100701066520498
23,-0.003572422277953846
13,-0.009715508379589122
17,0.0025757331142017836
18,0.002481635947005678
19,-0.008056470571094376
17,0.0124548566047753
23,0.003061401857138879
19,-0.0071906594924904255
13,-0.005462831804380008
17,0.005683523450032091
23,0.01678365951433869
23,0.008991922857511492
23,0.011294456190588331
23,-0.004159012551641639
12,-0.0020315282857007455
12,0.0032088860638466166
18,0.0028125391699225233
19,-0.008155100030120876
16,0.0008791280206703611
19,-0.017165277610439067
17,0.0004008911206325738
18,0.002490039802793831
19,0.0119980079601405
23,-0.0005825005688714358
13,0.005915444085573318
20,0.009537551393672627
23,-0.002095449330216992
13,0.013477103993982276
23,0.0025604957825977603
19,0.011498597909977315
23,-9.325843992447069e-05
12,-0.004013068586582569
16,0.005288483915587783
18,-9.340806928859191e-05
13,-0.010622431912878816
17,-0.013156672095646305
17,-0.0031494735149767417
12,0.014020040458712524
23,-0.004788302750929785
12,-0.007239603874033773
13,-0.0002912502844357734
12,0.004606951932644154
18,0.010884306128079446
23,0.007063143236370806
21,0.005034733785434398
23,0.000563092978651536
18,0.005813979277293768
23,-0.0007424074746540388
12,0.0006518269412614242
19,0.005426750655501911
19,0.008549368593602003
23,0.0008271722000579018
19,0.006601276452898874
23,-0.006730312726774046
16,-0.007428444165377801
12,0.010537012329450812
23,-0.014677733380592972
17,-0.011922304274646911
12,-0.005699342402212149
14,-0.016391877896914764
5,0.013879637328517935
23,-0.025776156298226494
5,0.0018246657679616973
6,0.00877196530603741
11,-0.005591924512743152
0,0.011262490732228292
23,0.008187418593048168
23,0.015006973528297163
23,0.002561511165955155
20,-0.0014504218679713965
12,-0.008818192915482914
17,0.0028360186159743783
19,0.007519494942087368
23,0.003786496356640745
19,8.983018734531889e-05
19,-0.006243800815021738
14,0.0016476000473755192
18,0.0009031653993731847
18,-9.010933540964938e-05
13,0.0018889906263515055
19,0.010793340889999836
23,0.004201672180927263
19,0.0034259366127440405
20,-0.00026957925616422074
12,-0.0104886218407092
17,-0.007421264563998942
13,-0.0006312083843403871
12,-0.003907672679009377
12,0.004015283853435969
19,-0.0005419833807385199
12,0.0
19,0.0
19,-0.0009869066145263838
12,-0.0025045295263701473
14,-0.004877175845138804
17,9.076348917846921e-05
19,0.005146259333970837
23,0.0014341100882588886
18,-0.0004464558192661672
13,0.0025849087192844067
20,-0.0015943339481223617
13,-0.003981988931335945
17,0.002583919428484016
23,-0.011793865755532318
17,0.008543197125639113
22,0.0032667765337182075
19,0.0016737354389082526
18,0.006079316664372225
23,0.005970676168408184
23,-0.0030413492227339134
13,-0.0027199925881673526
13,0.005879822872168816
20,0.003843151800297928
23,-0.009500600848882379
17,0.012673779063564039
23,-0.0034126653291415288
13,-0.019487370579227115
17,-0.017895664733658
5,-0.003992400372574201
2,-0.0002743623587124766
0,0.006045650574143968
7,-0.014701903173506614
5,-0.015132075495460917
5,0.008414202680312455
10,0.01025073307056168
11,-0.00045500021489774944
0,-0.023307036495569644
5,0.0009384957376772363
7,-0.007963261112352016
5,0.0008401378660756187
6,-0.0003736657112284325
1,0.011789973560903944
11,0.009814030028253429
11,0.00808375205294909
7,-9.063668395936642e-05
1,0.0075399874386676835
23,0.004700746973019587
20,-0.0034961844821060906
16,-0.009471432852037776
5,0.006173963219030965
11,0.013090446110765264
11,-0.00027082044060677823
1,0.0062050580966059865
23,-0.0015129108675313585
12,-0.001688992938214895
12,0.0016896615968224893
19,0.007762170169343996
23,8.747161429245587e-05
18,0.004651968558564201
18,0.004017108338932651
23,0.006538797035351651
23,-0.004225941152790735
17,0.0019954513558591014
19,0.005180952561647967
23,0.002911924731672455
20,-0.00059772602219621
13,0.0
18,0.011100501312962363
23,0.00556698795808952
23,-0.0011114378170109518
13,-0.008331171898506518
17,-0.0024813973535722234
12,0.001280204217999792
19,-0.000510791410364364
12,0.0004275592395264205
18,0.0
19,0.004312914471293672
23,0.005235625368761543
23,-0.003703724159119348
14,0.006952095939299019
23,0.004453087074778539
23,0.00033417641225708117
18,0.0017555515770850683
19,0.0076495038165687035
23,0.0024795690309509233
18,-0.012411054049519255
17,0.006722085606279737
23,0.002654277548974626
19,-0.002397629544851676
13,0.010099316493858534
23,0.007193609224615427
23,-0.0041034058782215554
17,-0.01798589425197683
17,0.002771895784972722
19,0.006328077817538302
23,-0.01712441877777826
17,0.008125324535265488
23,-0.012520002238622374
17,0.002230629218225255
6,-0.028556680146400892
1,-0.012251396137212711
1,0.003022244287143927
7,0.006604693997098066
6,0.009975028150162712
23,-0.00973277056586952
5,-0.010684532032554261
4,-0.0021891419148926117
1,-0.021587707058073224
5,-8.942030183511918e-05
0,-0.01682205507491108
5,0.030214303064810766
11,-0.007464039657667176
0,0.02578250469732901
11,-0.01207600615274651
5,0.014378602983059041
11,-0.011478639281203962
5,-0.007568063741321351
0,0.02081791230460106
11,0.0005422282672062906
7,-0.01648099535464631
5,-0.015951484451051545
5,0.009946036324648189
7,-0.011096557587808031
2,0.011959956501275348
7,0.013772047602794935
11,-0.009138568019485316
5,0.015596674281302292
11,0.004846534952446913
8,-0.0012468773705959224
1,-0.0008942007733503399
1,-0.015116681779998586
5,-0.01651560817523723
5,-0.0037394749634918067
1,-0.011684646645818031
5,0.001206653846205441
7,-0.004628344030823239
2,-0.01707222803154218
2,-0.0067359214836030246
0,-0.0037808956265560356
1,-0.00882556160142256
5,-0.007429531528377331
2,0.028895602019758826
11,0.001495361328125
7,0.00774761366875909
11,0.003996285420758694
7,0.0046724885854403375
20,0.0031104562700488003
20,0.0006386250746686084
19,-0.02227511923508274
5,0.0022419229979235844
7,0.024652881294421558
11,-0.01806677553340519
5,0.010337851065537862
23,0.01071041579293075
23,0.008679919509196665
23,-0.005527281156354258
17,-0.004401705579525905
14,-0.011029373785544583
17,0.010076014404788891
23,0.00687565217563102
23,-0.002311540971468573
13,0.0039100901642168395
20,0.005345197987715933
23,0.0058170891203288555
19,0.000619905206866056
19,0.0031241495843503664
19,-0.012200618667007834
17,0.009103536587535155
11,0.00018465825927926893
6,0.006414450528621218
8,0.003663283153592767
18,0.0022822712973389336
18,-0.012268851421978977
5,-0.0002789027517460241
1,-0.008515347659656447
5,-0.003964116857412381
2,0.009433115978576767
8,-0.011367897939862814
5,0.009160461103921325
7,-0.01191597157667601
5,0.0037171120516077405
6,0.016209085291166936
23,0.006898454668681442
23,0.0031662608216238564
19,-0.00661414640543001
17,0.0050063994966516034
21,-0.00653831927413262
17,0.003239746233381302
20,0.0012435546932973995
19,0.0013333468967013928
18,0.006766400803912331
23,0.0028386382089515827
19,-0.004865561281875874
17,0.011782440320837306
23,-0.0027996472990409194
12,-0.003339234381563805
12,8.891578291780888e-05
18,0.009406590723729513
23,-0.005136722654970893
17,0.0021849327390381923
19,0.0007868855520756224
18,-0.007996573437081711
14,-0.0033046113616609363
13,-0.005421025895713361
14,0.010801374832807964
23,8.621045095558166e-05
19,-0.005236056741215189
13,0.004222299447514732
20,-0.0005997232187467949
13,0.006364543859373795
20,0.002209710171202861
18,-0.002970872433360472
13,-0.004903634063582629
13,0.0045863846214107
20,-0.003925241700567739
14,0.007952798749442103
23,-0.002280441460990268
13,0.0003381025809550131
19,-0.003693154638747531
12,0.00524981163922611
23,0.004156398899876068
19,-0.005543390275898896
16,0.0017754403672636254
20,-0.0045351550928980355
14,0.00041871589787723096
18,0.002255987987783703
19,0.008080502694570502
19,0.003106137765142236
23,0.0012261037303336053
19,-0.009851808235459836
17,0.00427699157127015
19,0.004873988624670922
23,-0.005131623474160518
14,-0.0045613123520136245
15,-0.009472690458089073
17,8.461328405329205e-05
18,0.005026796841931747
21,0.003252705460260241
19,0.0041774583490779005
19,-0.002694280574797814
13,0.008389261959748318
23,-0.0030211530655233076
12,0.005569651157041111
19,0.004322719887479565
18,0.006738812051193976
23,0.011221127430657729
23,0.0061404945451764
23,0.001060139327442311
18,-0.008955951173845955
17,0.0024393837548741804
19,-0.0016939508139456327
13,0.002738875213120995
19,-0.003918476459062847
17,-0.0006412972429232777
12,-0.0027322722646623276
12,0.005153804059233602
23,0.0017730594572578084
19,-0.00032093160881918603
13,0.0032002682831859808
23,0.0023907827090976497
23,-0.0003183772343335889
13,0.004155712330176087
23,-0.0005559943921830124
13,-0.000476307242334828
12,-0.0006359445875512293
12,0.0017525788484227256
20,0.0026833238871581955
19,-0.002748751033440522
13,0.00837413132611986
23,-0.0023494639049400634
13,-0.003292553911757423
13,0.003160068889971779
20,-7.848505994068056e-05
13,0.002885852100555919
19,-0.0020213772506800787
13,0.008659026360959388
23,0.0026320762963121247
23,-0.008963786641550286
17,0.0009378145314209441
19,-0.003957245083042404
17,0.00631392049086954
23,0.0031842472786656195
19,0.001390012110168204
18,0.0022359950018935315
20,-0.018595344861649044
17,0.004762905572561538
23,0.009887213910979797
23,0.0006902730129814127
18,0.003992048935896886
19,0.0024458615069264944
19,0.004032248702468877
21,0.003633969260626202
23,0.0004538049735038907
19,0.005471133642173109
23,0.0099392832189793
23,0.0030067947091241276
23,-7.525007745834422e-05
13,0.002922219167009077
20,0.005919325988245516
23,0.0011907692782888724
19,-0.00969045472843666
12,-0.005540764535400755
13,0.00038193605672232067
19,0.006464908207611142
23,0.002484464343238013
19,-0.0197650258566604
17,0.0035182157848350215
18,0.008081626688406951
23,-0.006748098743601161
13,-0.01076326906518843
17,0.007140705300551442
20,0.0005289605619367421
19,-0.008091584416746178
5,0.010191414622353845
23,0.0004615551662308093
7,0.015562060808066214
11,-0.015372560945261626
5,-0.001171886920928955
1,-0.008382445144035966
5,0.003015070516010132
8,-0.0033148930814353994
5,0.005662072658018991
8,0.003834356007692108
19,0.000457159067986046
18,-0.004560009843182944
17,0.007564801177516234
23,0.001659760208509553
18,-7.54884250697696e-05
12,-0.0019489525409467356
14,-0.0012740626416610779
13,0.0018045525801810847
18,-0.001643271681202041
13,-0.0007494442070067331
12,-0.007841109872621987
17,-0.004060099895735414
14,-0.0018979653635223803
13,-0.004694087739191222
16,0.006579958916847817
23,0.0018208666829904185
19,-0.00022971728415743797
0,0.004206202775031809
11,0.001655638264742354
18,-7.47029474360561e-05
13,-0.0002991718157093759
13,0.00552025525944444
23,0.004590856002794075
19,0.005021102941342281
23,0.001982880481862015
20,-0.00620125525714077
17,-0.0016917547438211056
13,-0.006191467157275254
16,-0.003505378984819396
12,-0.005483959387694526
14,0.003949614499249243
20,0.005178641397681094
23,-0.009066084942430552
17,0.007458233788361968
23,-0.008213101446395421
17,-0.002770253997834815
12,0.003617421951220612
19,0.008405847125583898
23,-0.0008902846680981513
13,-0.005359943503973619
17,0.0006061663406917717
6,-0.0036998299919304145
2,0.007380925538106764
11,0.00734682443135215
23,0.0010497067914370106
19,0.0009645293455704529
19,-0.019626789810881173
5,-0.0017430355761262062
1,0.0020745623136617652
6,-0.008071358915489268
5,-0.005705399011461054
5,-0.0026405432773808357
0,0.004892363152295021
8,-0.009701261701068886
5,-0.001485670828939245
1,0.0034919859089157512
6,-0.00951348095632043
0,0.0018889146684690772
6,-0.006878740337049605
5,0.008529412243195589
11,0.008491713405326395
11,-0.0029446328851312487
0,0.00896507830148896
8,-0.011382292548817174
5,0.008274907847808599
11,0.00903077998963897
11,0.003993888514971733
7,0.006329127916102628
23,0.013854204571052353
23,0.00022423964397222385
19,0.0035957428106003775
20,0.001479705111152363
18,0.0042590753764557565
18,-0.005875697019185444
17,-0.002202206238479665
12,-0.001892649003944813
12,-0.009381898391032983
5,0.00022785036049244312
19,-0.003585605844809936
1,0.010583214773909999
23,-0.00315633429485751
17,0.008171001848212178
23,0.00044601216687611966
19,0.00397598474991101
18,-0.0030656770245932607
14,-0.015008600115680948
5,-0.0029096850310351696
0,0.003258072740779383
6,-0.01574440244765729
5,-0.018151942251314224
5,0.0040585269136812485
7,-0.03343510765099156
5,-0.013797636955493076
1,-0.03977419707656693
5,0.029893956967057767
7,-0.02576783936887983
5,0.035935013403308735
11,-0.0023648545243951657
0,0.011997653124294239
11,0.0010043953792704396
6,-0.0048233000503508094
2,-0.01708152672763552
0,-0.002832858511134684
0,-0.021186028052483152
5,0.02907645489315236
11,0.01626645451360198
11,-0.020635092296522273
5,0.019707828949624417
8,0.015055228241165342
10,0.00703466408375597
7,-0.0019598061862142746
0,-0.011039320173475309
3,-0.004813373616262329
0,0.022729246332668263
11,0.01288311512104734
11,-0.0044325397729328975
0,-0.014955830486627408
2,0.019218982482585023
11,0.005894872225732373
7,0.008703789425094088
8,0.006464971151530108
7,0.001896246399562873
7,0.006525548291329786
8,-0.0053799166323516
0,-0.02994265992680789
5,-0.0034437032198537665
1,0.012755332239680062
11,0.014222120624181711
7,-0.008352297932719077
2,-0.022414666471473055
5,-0.008543357316768474
1,-0.011358632215177633
3,-0.022757557180274945
5,0.03682508463276557
11,0.01598291048184075
11,0.018625369377841317
11,-0.012460519819822102
5,0.016145492190276167
23,0.006982368827143093
23,0.0012437937626599282
18,0.0039153716854256615
19,0.005413797169132373
19,-0.014427367305976824
17,0.020309659179309714
23,-0.010214087498397029
17,0.0018941230038338475
19,0.007149280274546754
23,0.01063058479736978
23,-0.01473293575853074
17,-0.00040205406495197327
13,0.00783520842211538
20,0.00468754768371582
23,-0.013054448052080447
15,-0.00024583118574905694
12,0.001292061942574474
19,0.00782312910669214
19,0.0019963267052500733
19,0.0069383742787851865
19,0.007563812624664434
19,-0.013852155785040843
17,-0.0037663371845094717
13,0.006596215679699924
23,-0.005784953980586205
12,0.007270142010237235
20,-0.005848856195965979
12,-0.014049236053346625
17,-0.0042448705556440425
14,-0.0044924567374600155
1,-0.001758786279639546
0,-0.012789041586629746
3,-0.0003437095417715419
0,0.0014221027910601425
7,0.0
6,0.012146732739073851
19,0.0009611753948632895
18,-0.009990501972650945
17,-0.004888009579690267
13,0.0003961893044968079
18,0.007072528964902514
20,-0.015488519094544295
17,0.01236849159991471
23,-0.00592235199554314
13,-0.01449621616006691
17,-0.0066905981654592495
5,-0.006908871678084849
5,-0.005236087715501658
0,-0.014501037837697295
5,0.014323129772703558
19,0.0019365598578111598
19,0.005135195408430437
23,0.005729300797276959
23,0.002536258218817755
18,-0.01327958482971725
17,0.007026548210019357
23,-0.004126302625917622
17,-0.0020350824349019137
12,0.003930817704370426
19,0.008109527852755871
23,-0.0038221363138359887
16,0.00015628337860107422
19,-0.0020093864136515593
14,0.003651062194532262
23,-0.00046316905140431075
13,0.00155470265229396
19,-0.005688849037111532
17,0.011290748909075221
23,0.0018290313285425075
19,0.005409870659561333
23,0.0007604448915889961
18,0.0050458994396826995
23,0.009904030977923917
23,-0.009538032834302879
17,0.0044193981010225425
23,0.0065895383231091564
23,-0.005302203647846837
13,0.001360707110937387
18,-0.0003767275926117586
13,0.004029800642782133
23,0.0035079954895573806
23,0.004620966875223509
20,0.002446995621838699
19,-0.00036927147482090916
13,0.0014907345168677644
19,0.0002955459944440353
19,0.0014074254918983176
19,-0.00788916379633875
17,0.010997961261704603
23,-0.0008057471938840433
13,-0.0019015176988232962
13,-0.0016879182211293475
14,0.0049279062655192
23,0.0
18,0.008381115672992712
23,0.002623911212529917
20,-0.005371590184974129
14,0.0030587588406743027
20,-0.0023975721630198343
14,-0.0025529255137404228
13,-0.0044329965013576444
17,0.004664629751227167
23,0.003808885125978323
20,0.001966527796500861
18,0.00021809362872637905
19,0.012579454469637819
23,-0.0013561915283990533
13,0.00428208767074123
23,-0.00042745481855843703
13,0.004564577127183833
23,0.0027847153241711275
19,-0.002206074218391585
14,0.00014372951224062014
18,0.002368551212444947
19,0.006825501283517443
23,-0.00402149923894457
17,-0.004464952909713604
13,0.004225124179815465
20,-0.000780589070258797
13,0.008532401546145874
23,-0.0026828924346936622
13,-0.002567398425456724
13,0.0029415152027367775
18,0.0013765300520653945
18,-0.01486047913815447
5,-0.0021122681937090215
2,0.012105216540602592
23,-0.009604981724054662
5,-0.005731234091128967
5,0.008995977409375522
23,0.0010833012365392136
18,-0.006564261920632752
2,-0.0027470894078104324
12,0.0018309653749295496
7,0.0029215826877893036
6,0.0038947606829686787
23,0.009143957650241008
23,-0.0013515609541290274
13,-0.0017129790316077198
13,0.006795995798402288
18,0.002858841913294219
19,-0.007766826039144914
17,-0.010973175177436345
5,0.004322112815337897
9,0.001981246513644397
7,0.004737226948443363
6,-0.004828712603796248
5,0.0032551782745182667
6,-0.0014890697035040423
0,-0.005073928614327317
0,-0.008287297223524726
5,-0.015053439641819377
5,-0.012407624911376591
5,0.013905942744842248
11,-0.0008313854763911666
0,0.0077714611235120135
7,-0.0007540232212459586
1,-0.0028682792593451856
2,0.004055221322335045
7,-0.006035026150360334
0,-0.0018222267172566253
1,-0.00965922235242156
0,-0.0022586906107282534
1,0.009542501874527654
11,0.015388166355432942
11,-0.010639081111546767
5,0.010553483553213505
11,-0.02057087683164882
5,0.008574284394712084
11,-0.003470847802874766
0,0.008538649796599573
11,0.0056979643050971696
11,0.006138584025974003
23,0.004589836458271046
20,-0.0016948712323997528
13,-0.023591838415227717
5,0.0024787938026831213
7,-0.005528176529105755
5,0.002126034819931899
7,0.005663797087832156
11,0.003779575367568011
7,0.006656872600507402
23,0.00021980348941963435
19,0.006814243579161161
23,-0.000803510703110244
12,0.00014766569927426865
19,-0.0004431788774544865
13,-0.013748953699821653
17,-0.00037257320062888954
13,0.0009745810411212474
18,0.014119224421266674
23,-7.390553340635986e-05
12,0.002868275252975838
19,0.009776550255021554
23,0.0005811974907523609
18,-0.003504897687003683
17,0.004610657481663338
18,-0.009320288060288395
16,-0.0018627523097662912
13,0.002060481128519198
19,0.013076143575964982
23,0.0011549841061628818
18,-0.0056321665705716395
17,-0.008002888498734206
17,0.0006590723975048451
18,0.005701562924665726
19,-0.000715760826237366
12,0.0009988204861826055
18,0.004576327219998344
23,0.0022810416960108437
20,0.005712675593487315
23,0.0012090907650470495
19,-0.003538821033046702
13,0.002204191979089165
20,0.0059511982501092575
23,-0.00035156474203668076
13,0.0014791288927082924
19,-0.00547213986274786
14,0.0029703921206805095
20,-0.005725578225804107
17,0.008552469311682964
23,-0.0024667425824315137
14,0.0015583031032475603
18,-7.073039374505541e-05
12,-0.0029097829743094383
16,-0.0009200200311439977
13,-7.086292762137347e-05
13,-0.0012757295375512845
12,0.014178963343061346
23,0.002222118855810029
23,-0.004716054671312198
17,0.002158757280067869
18,0.0
19,0.015377164894278206
23,0.002450984466121131
18,-0.0013610789772645626
13,0.0008873617253670751
19,-0.0006130958648876694
12,0.004656631789732746
23,-0.005250983876608717
17,0.0034447125113665766
23,-0.012743220915286901
17,-0.005414132008271344
17,0.005212314984928357
23,-0.0008327789592423862
12,-0.0011762950727901567
12,-0.002898138105520087
13,0.0013803364558262476
19,0.0033644980446141393
23,-0.005241333151362104
17,0.00027467915148560174
18,-0.009139021797641145
17,-0.006242155237919822
17,-0.006376477520994572
17,-0.003973283825056684
14,0.00593455371689422
23,0.005388220564349622
23,0.0038450807535059806
23,0.0
18,-0.01484028592800013
17,0.0018163449298713719
19,-0.0031016667102293782
1,-0.0064115299815384885
5,-0.004154425988804777
1,0.0003538786318320053
7,-0.003524850042199601
1,0.008330448185071226
11,-0.01475497790406588
5,0.0035373185596740964
8,0.004779364214256843
6,-0.013694778986689804
5,-0.0118826320570673
5,0.003923910507786621
6,-0.0023089117099731604
2,0.001817653135113284
6,-0.016496736323920458
5,-0.0020591174297277526
2,0.0034584344504176023
7,0.00891958695263928
7,0.002015684773704063
7,0.0010049486189211976
7,0.008706209792281205
11,0.0028440040713249015
8,-0.004116115364282358
3,0.012163797036698565
11,0.0009154843228009746
7,7.03145270779526e-05
7,-0.009453824052274795
5,-0.0013433430297413729
0,0.000919607323355498
7,0.004314922765937146
23,-0.0008418937642264979
13,0.0018282434045522322
18,0.002656262332570325
18,-0.0034028159247505574
12,-0.005508250566299777
17,-0.0015458207516946265
14,0.00912474935508678
23,0.00951385498046875
23,-0.008520617766544336
17,0.005125295812087094
23,0.004360942007263224
18,-0.0009123359623901539
13,-0.006239479763437306
17,-0.0016220871600926001
13,-0.004337319489468472
0,0.019690676842980093
23,0.006546736573953327
23,-0.0017810107256772678
14,0.0027402472640909448
20,0.0008227296000409279
19,-0.0010980965941727039
13,0.0003427918929979068
18,0.0023853752723168586
19,0.00020412159586769008
19,0.0005446376975091205
19,0.005331971248096812
23,0.0019077384420940202
20,0.0020311649150741573
19,0.0024329296977880777
19,0.005393400134040327
23,0.0016092686013360336
19,0.001743277078545935
18,0.0024686089213621365
19,-0.0014637432413430185
13,0.005942440837681806
23,-0.0037838028925858413
17,-0.00126761253038854
12,0.003916439565773144
23,-0.005189023417245919
12,0.004655782639345185
23,0.004251922478622605
23,-0.0016533297328203966
13,0.00383548357606589
23,0.00019769855154128102
19,0.0015812722038104354
18,-0.0011816971864146986
13,0.003955375008701134
23,-0.0020992723270040203
13,0.005775447338799866
23,-0.011753970608148645
17,-0.003577162963071534
14,0.00489583541545402
22,-0.023783035882096515
17,0.002003760682018463
19,0.013476578028463582
23,-0.0019091066345298113
12,0.006750971587687671
23,0.007643672272649615
23,0.004099893329488236
23,-0.0021957914358812225
13,0.0005171417752609653
18,-0.0001286779338545152
13,0.0045711525984935
23,-0.0015392861466302366
13,0.000898814808588666
19,0.0026869565319254107
19,-0.0001283559299165571
13,0.004081928843857607
18,-0.0044430291554874435
13,0.0010930951920982146
20,-0.0025846078488114266
12,0.004843396644741649
23,-0.006794420844283167
17,0.0038563282835524237
23,0.005990003654994025
23,0.0037158168022448645
23,-0.003448453277740904
14,0.0013409534068624662
18,-0.010706824901923095
17,0.0027665698696086594
20,0.007859738472576927
23,0.006053986060029937
23,0.0015974440894568342
18,0.009543806181047554
23,0.003087621314346256
18,0.0007563043957392601
19,-0.018227879005142444
17,0.007166232158741348
23,-0.007550020644130018
16,-0.007916558963726228
17,0.006343014417728554
23,0.0025035267216877433
19,0.005288320147775583
19,0.0003168158853050773
18,0.0011368443775012782
18,-0.0005684098834700668
13,0.0039705356405290715
23,0.002574172112276285
19,-0.006590115105070904
17,0.006743177297751757
23,0.0014273037632506202
19,0.0017957351926962684
20,0.0028989157253331843
19,0.005664315843596723
23,-0.0023886775246089176
14,0.0025768338842280247
19,0.0020833109328946
20,0.009531359296426789
23,0.007031937173307634
23,-0.002654134664291097
12,0.005965685515937791
23,0.0008993518262514488
18,0.0005386421887978443
18,-0.00842598119377469
12,0.007858146060888194
23,0.005107292099812311
23,-0.0044300183436155605
14,-0.0012090252113164945
13,0.0029029072260122746
18,-0.011610317624939803
17,0.003174047895068588
19,-0.005351525600506224
14,-0.011159434093425458
17,0.009491307743561217
23,0.005797967121478287
23,-0.003085079634431498
13,-0.0012247210318716562
12,-0.015040806249803751
17,0.01577386486448229
23,-0.005182016154614
14,0.0009130754239681238
19,0.007354322754784093
23,-0.012983146594387707
17,-0.015198360957560997
5,-0.003570484011581887
1,-0.002223531512437593
1,0.0005679681922408086
6,0.0016888989848471425
7,-0.00012417300870926073
0,-0.001307394057669442
0,0.0006201544519548463
6,0.0005586618632542617
6,0.004985064014558116
11,0.0033852591101459772
19,0.0005492270081497441
19,0.000909256632065647
19,0.0013335831913392493
18,0.001974758122490483
19,0.0007168595353668206
18,0.0010715763200164208
19,-0.004397897649669358
17,-0.0012488505547917361
12,0.0033271794113050035
23,0.0038570726323594595
23,0.0005312339055851822
19,-0.003886947292387366
17,-0.007479763613228219
17,0.0042206125902153335
23,0.005290687095411251
22,-0.0005335329724823756
12,-0.003016024525231531
14,-0.0013614047840375676
12,0.003941397419228165
23,0.003934685070169142
23,0.0007620895728539523
18,-0.0037565264306558266
14,-5.916286707574603e-05
13,-0.0010589050494492769
13,-0.001592194065016872
13,0.0038584463408481984
23,0.0011805498135817327
19,-0.004659902623849299
17,-0.006152552157968616
17,-0.0013850158431918391
12,-0.005252325044634465
5,0.003271985984546477
6,-0.0033914581828585755
0,0.007034588872317116
23,0.0004202465574736358
19,-0.004736454930947542
17,-0.006266724114577404
0,0.003981435606664974
6,0.0037908597102949138
6,-0.005227649620496488
5,-0.0050838005181320645
2,0.008027777066325736
11,0.0006632535803641204
6,-0.002822660718326042
1,0.007089263780144517
23,0.0013638266625441986
19,0.004506608809218271
23,-0.0023030553801964837
14,0.001182504242111193
19,-0.004966149131391928
17,0.003578555592664623
23,0.011929177302209437
23,-0.00437995474246089
17,-0.009342543917163937
17,-0.0032847251999487126
13,-0.0021777229575001833
12,-0.0035369376660833174
17,0.00218518250166988
18,0.00041463708681122036
19,0.0031645497541037404
20,0.007136891593899186
23,0.0049301249906417155
23,-0.00693167969360553
17,0.006795823485236552
23,5.969721028087349e-05
6,-0.011469523530165615
5,-0.001206254189149547
1,0.011237999630957951
23,0.007992367624519936
23,0.010223956379036503
23,-0.004750440353578633
14,0.007907720793478568
23,0.010795391003253219
23,0.0030484227391940344
23,-0.0002866325745632947
12,0.002858612941120775
20,-0.0013728633243333954
13,0.0013148623939323034
19,0.0025069936480974775
22,0.001933005509525687
20,0.003057200199315435
23,-0.00614506464468656
17,-0.0020437162805871933
12,0.0010794366367139485
19,0.0007923447151170215
19,0.000738077002742088
18,0.0007908229713258219
19,-0.014478914502640827
17,0.013838841633886823
23,0.0011292469091301882
20,0.00011305681126327904
18,0.013004762295114825
23,0.004088781302675315
23,0.0027289234786505023
23,-0.005156683687809416
17,-0.0016729105486791296
12,-0.005128480807600755
14,0.005252290523522163
23,0.004611633796853587
23,-0.002760448222388634
17,-0.00022138415588546234
12,0.0013822082531600444
20,-0.0017648759722723728
12,-0.0030923715827398945
14,-0.0010559210782944417
13,0.0035175298858409754
20,-0.0026197046491805986
14,0.0014944610350215992
19,-0.00038577904748904324
13,-0.0012708350810511915
12,-0.011613792824099467
17,-0.0028548729768160808
14,-0.002184870530243299
14,0.0015088252420538684
18,-0.004069634108913367
17,0.015537663803639523
23,0.0017110764428474035
19,0.004814849219284323
23,0.00043848633813547977
19,0.002136514758369179
23,0.0028362838597562057
23,-0.0013579575867010973
14,-0.0002718648735314799
13,0.0033682571441171483
23,-0.005761482678603436
17,-0.001855571390157018
14,-0.006158400179755774
17,0.002130096659834324
20,0.0003816152923594718
19,-0.0025528283045190836
13,0.0010329026613666858
19,-0.010780180471923306
17,0.007570381993740938
23,0.0030418117329060745
20,0.0007597101724323707
19,-0.0024986784281176844
14,-0.002815399464281887
13,-0.0010298793200117506
13,-0.003163013832682915
13,-0.014922943958065926
5,-0.005863973338959938
2,0.005220657560103037
11,-0.001295166827162686
0,0.002236727016657225
8,0.006609785917484512
6,-0.021351930244948414
5,0.002515018285690118
7,0.0022313731111813784
7,0.010821243175020312
11,0.007683220996833384
11,0.0017250838278146663
7,0.010102087191578235
23,-0.0009876141332305632
12,0.011999547737718164
23,0.006453773562703713
23,0.0003258378747383883
19,-0.004026938705352867
12,0.004528847120125246
20,-0.003036039945020441
15,0.0034187371770446617
18,-0.0011888102431939496
13,-0.0014045405757585616
13,0.006717983968268948
23,0.0026912106037377814
18,0.001787174882007747
19,0.00422939436435299
23,5.323589295591624e-05
18,-0.00015947100055935248
12,-0.003704552191783339
13,0.001010812577391773
19,-0.00642117755354743
17,0.005152379869799217
23,-0.014161007846936302
17,-0.0010278736009335931
12,0.0039873134746808425
23,0.00508808801928895
23,-0.005434724283231995
13,0.008053691275167862
23,-0.00804437542813996
15,-0.007546583653103012
17,-0.00032192713508427673
13,-0.011067109386937557
17,-0.0009201524706106134
12,0.0020528598215090454
18,0.001821376446272449
19,0.0033578770877751296
19,0.0020690719840983363
20,-0.0028545397862221877
13,-0.01718870453800514
17,-0.008658244887197797
17,0.004558838715522429
20,0.008027964360863171
23,-0.02095359274416375
5,-0.0034589046059275708
0,5.471910580978623e-05
7,0.004800292324160127
7,0.003558546707097987
19,0.002743675992248118
20,0.0032181443728265258
23,0.0035250957494536994
21,-0.0019700264165032344
17,-0.0028666629512672515
13,-0.004967460359504905
17,-0.0009088380976838284
13,0.001440176438094909
19,0.004641459164830497
23,0.0005844257232927585
18,-0.0013275981267124592
12,0.006839792580269011
23,-0.006489368195229384
17,0.002507876909017659
19,-0.00015989578079167455
12,0.001331841623025909
19,0.005243592258330709
22,-0.0004208933650361457
12,-0.0038463341238359483
17,-0.006783966657749274
16,0.0028798920630452862
19,0.005594347264637145
23,-0.0058308554482655595
17,0.005529313441282602
23,0.0021672675651913664
20,0.003109251758849796
23,0.002407655813593923
23,-0.0007309909488580901
13,0.00286720765284465
22,0.0025495094861887058
23,-0.00025915031121370724
13,0.0019228311077266191
23,0.0037408490473147538
23,0.005377143200667733
23,0.0026171795474119186
23,0.00117735203661673
18,0.00133106261134186
19,0.00010263865103832259
19,-0.0059068731873869185
17,0.001082955424144716
19,0.0020629939540126596
20,0.004174814662184501
23,0.00733969441226634
23,0.0002545591489193644
19,-0.00045909472249672234
13,-0.0005612562236262386
13,-0.004244882300600605
12,0.006639603631166224
23,-0.000869066859643497
13,0.004308193738261634
23,0.00010221907395435714
18,0.004230386564550326
21,0.0009134365541421108
18,0.0020729241924601904
23,-0.0015671459200520266
14,-0.004615716112059021
17,0.0019824093840197232
19,0.00573709205093853
23,0.0019875618551736807
19,-5.057692831877958e-05
12,-0.0024782798408801154
13,-0.0007571243047914678
13,-0.008310105593755113
17,0.006926409819588031
23,0.0012684560588827054
19,0.0009595598539329231
18,0.0007052865977250633
19,-0.000905335879457847
14,-0.0018678132365472777
13,0.0002023085863327445
19,-0.006156336640135818
17,-0.003389821349026767
13,-0.012882798755676661
5,-0.00031157851762797506
0,0.005288558605713423
8,-0.0056448035330219914
2,0.005023320133960674
9,-0.009899469461701726
5,0.009296974390881507
11,-0.0008764147439062064
0,-0.00041321125356363897
0,0.0028308357134370077
11,0.003074353522586337
23,-0.0038173766750146942
13,0.002845516005639981
23,0.0027800397388728637
23,0.004037972296963899
23,0.00205938856623189
20,-0.0007524525897457668
13,0.0002997779493192354
19,0.0
18,-0.0008980326416138107
13,0.0027556644213104775
23,0.001297130304731997
19,-0.0017913151622873658
13,-0.0043698721892702075
17,-0.003136773727896003
14,0.004696020632487086
22,-0.0016424538824512114
13,-0.005438831984297399
17,0.00320921963567411
19,0.005168860125523755
23,-0.0048475821644969885
17,-0.0009038357665211993
13,0.009415412675297441
23,-9.963775482013659e-05
12,0.0022844989693724393
23,-0.0040691112883765035
17,-0.005989579088963137
17,-0.0021166062815490827
12,0.007675238961782904
23,-0.013565097665376058
5,0.006100645484798495
23,0.006829746986408702
23,-0.003389135316258063
2,-0.011947081246498126
5,0.001030035094116144
7,0.00429278223692231
8,-0.005320781753537562
5,-0.010344143205080258
5,0.016910608445116937
11,-0.01828552082926116
5,-0.011157865628899089
5,-0.01601387663678877
5,-0.003821256913809856
0,0.006858873344966154
7,0.017535271259029095
11,0.00026538081012494885
6,0.011534567121799677
11,0.012468774727470322
11,-0.008847287630797784
5,0.0015928350959368842
6,0.006043496418854044
23,0.0021969444845280073
7,0.008078428405255744
23,-0.0022160787441114493
13,0.009110249190588338
23,-0.0005946829116534325
13,-0.0007428382420986424
12,-0.0007950524609509069
13,-0.0009874442326046617
13,0.0037550991112598187
19,0.0008367287024531045
19,0.002950097503794602
23,0.0005880384133252203
19,0.0029997570299606924
23,0.00014693759188277866
19,0.0006859352545900421
19,0.0025508412955739246
23,0.005429468778595403
23,-0.00043834367035600064
13,0.006462387935561198
23,-0.004623418978468075
17,0.0004344081608633754
19,-0.002071854532578965
14,0.0016884852855993948
20,-0.0013976988637721677
14,-0.0031007723283625888
17,0.0062193226494378084
23,0.0028460990313796675
23,0.0005782518062007469
19,0.0006254143737254303
18,-0.004385137063290467
14,0.010275510856236236
23,-0.013355349186981003
17,0.0015204902450927094
18,-0.008636004763477034
17,-0.012228939860138621
5,-0.003373945829224567
0,0.016881630737309195
23,0.009963823539122174
18,0.00043603933475444556
18,0.003482472651526569
23,-0.0020175730059066588
16,-0.0012018074938242584
12,0.0006240933432679618
18,0.0024013062965551057
23,-0.002929737239718122
17,-0.011779470851121077
17,-0.004603218260270325
13,-0.011999789245307646
5,-0.011232564970096282
5,0.004418624752949851
8,0.009264249010041192
23,-0.010416637403403595
17,-0.008610193895081109
5,-0.009994088452538241
2,0.006060639874071683
7,-0.012944505019818364
5,0.014388491970002137
11,-0.0016798238544637467
1,0.00784120015411749
11,0.010343647009815271
22,-0.003984606113911271
17,0.003614821992601991
19,-0.0011331513334770227
0,-0.019738447447906537
5,0.008034736855571767
7,-0.005584136885262603
0,0.009347638533670377
7,0.009064021368919262
23,0.0006865407557155034
18,0.006150515000888257
23,-0.004889593913504298
14,-0.0006836909055398799
12,0.004517158799906884
19,0.001548773362781919
19,0.004954537410750248
22,0.003395950783017465
23,0.003390672084824242
23,0.002241730480271098
23,0.0027218951122764956
20,0.008401803520724505
23,0.0012800050693841936
19,0.0032682950803557542
23,-0.00014173097787895106
12,-0.0006618730466178002
13,-0.002840058981006699
17,0.005740614483702444
23,-0.0016551099517434498
13,-0.0008079761115816764
13,-0.0007596069083151136
13,-0.009168170116191088
17,0.0029844762722310847
20,-0.008369265783648494
5,-0.0038481821421840756
5,0.008964297212910699
23,-0.0045461257531708155
2,0.009046466336658732
23,0.0013000350006595607
19,0.01480306347101501
23,-0.0021909254103525955
14,0.0033379282143521927
20,-0.0019959992994966758
12,-0.00490826185055615
17,-0.015832078736429
5,0.00151247828083112
6,0.0029737268845679843
11,0.0061358793056152106
23,-0.004004640804076365
0,-0.003343197070821091
1,0.003987974631316504
11,0.011978413460366877
23,-0.002790348452571978
12,0.0020717546107382745
20,0.005390293212857111
23,0.00401527892038378
23,-0.0037165807282806274
12,0.0030643972752923965
19,0.0018090436491438044
18,0.0016187989328511065
18,-0.004738228590007165
1,0.0037788603948512023
23,-0.005078995940236419
17,0.002952289853787704
19,0.004806137496832452
21,-4.729171998407722e-05
13,-0.00734704255235219
17,0.003321613979291982
19,0.0009507639476811214
18,-0.006765762035016887
5,0.006303760089273469
23,0.0004261307508419687
18,-0.010093374852549464
17,-0.007253313085365698
1,0.0045690503876893995
23,0.003509058313927227
23,-0.0045375368938567195
17,0.001765159658938531
19,-0.002138057422113593
12,0.004591939005296641
23,0.0
19,0.004052019355885728
23,-0.0009848373122177678
14,-0.0012666620755475977
12,0.0037139450951901853
23,-0.0002346404174994321
12,-0.008003752340363546
17,0.006863890879252876
23,0.0006122775005481529
19,-0.005838616934999652
17,-0.0017457540479636213
13,0.0016112042982030506
18,-0.00037736712761637925
12,-0.004453510251517301
14,-0.0008573121143014006
1,-0.005533312657349021
5,0.0
6,0.0075464577919597264
23,0.0007093302359750808
18,-0.002990908111650148
0,0.002252689906432348
7,0.006317940795925736
11,0.0
7,0.006956609898665533
23,-0.0030739105960256863
17,-9.439984953629743e-05
12,-0.0004714155925490404
13,-0.005762333334918823
17,-0.005874019219857307
5,-0.002234942112887661
1,-0.012641215305140951
5,-0.0068029935380210516
5,-0.0011071859253333205
1,-0.0036526637135197992
5,0.004616790244044822
6,0.005121750696786664
7,-0.009156086650584871
5,-0.010336164311457008
5,0.0009166020915634121
7,0.0037322300530893138
23,0.004577491176284365
23,-0.0005694258986396195
12,0.0020295839169321983
22,0.0008950136483829585
19,-0.0007520736174352338
12,-0.003201020097096441
17,0.0020860117417373925
21,-0.006382102355723784
17,-0.010936771366530817
5,-0.0007248920146113447
0,0.007411370107708759
11,0.0061581467024647285
23,0.0031404817786857553
19,-0.004351519141581606
17,-0.00318356650366014
13,-0.0015259516933071593
1,-0.001805605272196309
12,-0.009225294805052964
5,-0.0010088715899914114
1,0.006164031691735072
23,-0.0014356273628050031
1,0.008739305457291735
7,-0.00033532346506182087
0,0.004749822616479271
23,0.0090076640484269
23,-0.0013316788101018773
12,-0.0036825722280254825
2,-0.01229961432229254
3,-0.01933274167988297
5,0.010720542151294588
6,-0.04175402297055675
5,0.012390695856541178
7,0.011420160142157298
10,0.003929464883107858
8,-0.0022210006564568063
0,-0.006990425014806845
0,0.004059236279633893
7,-0.0036176066185175104
0,-0.00134824867718919
0,0.0076043187496670495
11,-0.022727342322024557
5,0.006630389397149328
6,0.006960797299433219
11,-0.004772797440831145
5,0.009409521884810035
11,0.006840284183999401
11,-0.0014498977038657213
0,-0.0013285460973140317
0,0.00010183400637497897
6,0.00015472858748388774
7,-0.002627347922478651
2,0.0039032007484947062
7,-0.009196430804284228
5,-0.019657963794230127
5,-0.0007967767135989012
0,0.006618741387524718
11,0.0002603240903851223
7,0.02755965436998209
11,0.01023106198791579
11,-0.0026221788052177564
2,0.0025641517409520365
19,0.011359687360100512
23,-0.0002483019691399413
13,0.0004965053342504966
19,-0.0019934906984883094
12,-0.004445995714915885
14,0.011345483065207551
23,0.002169316360667084
19,0.004296272183641925
23,0.0012817081538722963
18,-0.008643949224301894
17,0.01123262797954383
23,0.0012544970173025138
19,-0.0014471927030456078
13,0.0019399086381841624
20,0.009420275112281162
23,0.002303795121083807
18,-0.005405170266950643
17,0.009936597506969402
23,0.004905456842924094
23,-0.00468419902802919
17,-0.0013306029988238155
13,0.0014302840903595015
19,-0.0058764308532121
13,0.005060011949078458
23,-0.0054576760005727865
17,-0.008038758654282718
17,-0.008857415039498107
17,0.016310733854810966
23,-0.002524415061866625
12,0.013055729611049838
23,-0.00019173156352148002
12,-0.0006684143790319785
12,-0.0014805499635328623
12,0.007119887531116698
23,-0.0008591535836813824
13,0.0006207558007880198
19,-0.005053623640494664
17,0.0059205033418670006
23,-0.009923067070283564
17,-0.015419246240816142
17,0.019502915689568967
23,-0.0042058483104371325
13,0.0022276693439933215
18,-0.004122440920757975
12,0.002190618986726456
18,-0.007228921448641734
5,0.004107420904547743
7,0.0016121242597679775
7,0.008043822752269447
19,-0.01698653258066396
5,-0.013562163742448119
5,0.0012908718639026429
7,0.003847665620560381
7,0.006497639431292779
23,-0.00019448057886684023
12,0.0017085136311278948
7,0.004309715816775972
23,-0.005697493752560678
17,-0.006142493714387687
5,0.002643517206721402
7,-0.0001985764019107883
1,0.0024201421558482927
6,-0.006553006539179673
0,-0.016752929102721525
5,-0.0046629393404418185
1,-0.000825527066675491
1,-0.028902006713239503
5,0.012555998869457019
8,0.005568310019502309
8,-0.010002153548748782
1,0.0033507816098892196
7,0.00257771177827526
6,0.003899280735187638
7,-0.012005048448182287
5,0.00944697376390402
11,-0.007648469955888859
0,-0.004474658209482896
1,0.01947161806678488
11,0.0058172499054101046
8,-0.009376969101906996
5,-0.0005746857961810292
1,0.004666768173228419
6,-0.01591710800296675
5,-0.0018840829814606996
1,0.011289223704948226
9,-0.006115548346401156
0,0.002851838778680893
6,0.009028969011278365
11,0.005350397224011205
7,0.008997704476629842
11,-0.005745344864828916
5,0.004341695030624981
7,0.004693886032025363
11,-0.008659756060728108
5,0.013481571628818578
11,0.009342887516186948
23,-0.007529180094535182
17,-0.007944252200856039
5,0.015896652432380698
23,0.006371975684401843
23,0.004980157586398581
22,0.0020998859081060584
19,0.006270693403049865
23,-0.0046157605555264825
17,0.0001003424578636114
19,-0.002100487165593079
13,0.0074530460148107824
19,0.0016818180239990266
18,0.004022633870374159
23,0.008630903679048396
23,0.006839201692971697
23,0.00102858752877788
18,0.0029401226206324793
23,0.0039262027548345735
18,-0.004409357178938311
17,0.005544530283106308
23,-0.0018171755615067342
13,0.011639379928430671
23,-0.001357240790862413
12,-0.0018940283750780162
12,0.012576422748565186
23,-0.0028042441904945203
14,-0.002345217822999346
12,0.010921179787825253
23,-0.00580092836573487
14,-0.004090758512084625
14,-0.005992671023332785
17,0.00832434109333402
23,0.004830917874396157
23,-0.00028842608386758783
12,-0.0011056955608520491
13,0.007026695170106345
23,0.0007627939312013776
19,0.0007144994401233618
18,-0.005473034091034501
17,0.002013896728839226
19,0.0016806209197521849
19,-0.0005740294730265383
12,0.004221254269964891
23,-0.0048451008975134435
12,-0.0018866069434281263
13,0.005074439691906907
23,-0.001743175493433502
13,9.751213784192636e-05
18,-0.002870190430521169
14,0.008134880338968697
23,0.0015566087173652932
18,0.008368787332252658
23,-0.006781798072597267
17,-0.0035216158578933454
13,-0.007031725715635373
5,0.008879742417116976
23,-0.007798123404029855
5,0.0022989689644414835
6,0.0006860697408772598
7,0.0027816090635957025
6,-0.0014597236192265273
2,0.008245607815590805
23,0.0029232789366189227
19,-0.00047749284926401625
13,0.0033885683100443043
23,-0.0034194587245981456
13,0.005499278797462592
23,0.00529075593043582
23,0.0001426814710909774
19,0.003084998408581452
23,0.0007090904238167273
18,0.002501882498390673
23,0.002694942740402606
23,-0.001853080762173942
13,-0.004346597532749463
12,0.00019227541409994053
19,-0.0013939304724642776
0,0.0029843326940433013
19,-0.003137490477527094
1,-0.004645154614888347
15,0.0006721045972026829
18,-0.002635934862483591
12,0.004766217108985504
23,-0.0019152353793484567
0,-0.009871473141154774
5,0.00853683371638092
11,0.008885019316328124
11,0.010955016360799874
23,0.0021004508801809596
18,-0.0025843182293349143
13,0.00880528227364552
23,-0.0016200330957304443
13,0.007581098420236465
23,0.000984996729083587
18,0.001957759620263788
19,-0.002413684861530596
13,-0.001293894580379762
13,-0.004382309039540955
17,0.002037331291009359
20,0.001250482932339203
19,0.004162976485132752
23,-0.0031803208888919743
14,0.0038353209972243896
23,-0.0016129313526065392
13,0.001016031136301665
19,-0.0030848481118557203
13,0.002219293546757317
20,0.0030490085135805867
20,-0.0011510658740723212
13,-0.00507727152419013
13,0.003248547253208889
23,0.00046232769934051454
19,0.008178868738597966
23,-0.0016025222275989348
14,0.00022916513936532823
18,-0.003069021924960169
17,0.0017868569571333204
20,0.0007788420585614908
19,0.000913687006258268
18,-0.0029277189925848157
17,0.0016972253081994904
19,0.0023816262763702856
23,0.001053528148555305
19,0.0012370763275744157
19,-0.0012770753901796272
12,-0.004341850708372452
17,0.0013799588784748629
18,-0.002890991593731851
12,0.004231043775826171
23,-0.001191214667733198
13,-0.0010569170851246756
13,9.202867419744187e-05
19,-9.159884846765554e-05
12,0.001508924717236182
19,0.0007768148957689736
19,-0.0005031589644515222
12,-0.017006970644078745
5,0.01859784810769538
11,-0.007493951953990163
5,-0.0006563804869206269
0,0.010894027011122409
11,-0.0005152736207281183
1,-0.0033624489996025853
0,-0.0046173474943090875
5,0.007374915004401794
11,0.0008294593353974644
18,-0.003368381891045047
17,-0.003627563779175169
5,0.007101164451249309
11,0.0037529423700222164
19,-0.007948249857742118
5,0.0030141858273617927
18,-0.00018537922140737795
1,-0.0056968689058661814
5,0.0010213138524810539
6,0.0019037176552205715
7,-0.004905195684608454
4,0.0
18,-0.010340401319022807
5,0.0005618726440104194
6,0.004006367034572023
8,-0.004809707254975426
5,-0.0033318854346983118
5,-0.002473855329105601
4,0.0012148140437608923
7,4.68030385445406e-05
6,0.0004675090819328265
7,-0.0005116307458212788
1,-0.002375603336292942
5,0.002485806306493643
6,-0.0065709928701533915
5,-0.002815079784338037
2,-0.0017845753867189451
2,-0.00901703956693789
4,-0.0043199070955943775
2,-0.005762210972972137
5,-0.001723232990478718
0,0.02205701643449487
11,0.006676374783231909
11,0.018882186080063867
23,-0.0017487569142923265
13,0.0015734743382520566
19,-0.0020273807486571593
13,0.00571325807004297
23,0.0014248830762659814
20,0.00431094899449791
23,-0.002601941412158526
17,0.00447139542695818
23,0.000317479143634003
19,0.003273030433162072
23,0.001899584610362659
23,-0.0030747328780535987
17,0.001768544268512695
18,-0.005640030557509279
17,-0.0052552368313012465
17,4.5497823641049706e-05
18,0.0015862502297634418
18,0.0021697664085094104
19,0.013903944436848281
23,0.00258265375317146
20,0.004879955755537235
23,-0.0006625172284808745
12,0.003259581624740493
21,-0.006727930850263575
17,0.0028740444196997394
18,-0.004291850998977664
17,0.0012430578437152562
18,0.001105461007062658
20,-0.00212152807752064
17,-0.0009751826894995874
13,0.0012421330221514815
22,0.0011060967846838743
18,-0.009577672938100301
17,-0.000579069968360213
13,-0.005339727544413142
17,0.0008887851626306897
19,0.004254971787268191
23,0.0005744889802843378
19,0.0030018449575539563
20,-0.0019831516503444613
17,-8.825951098967444e-05
12,0.00326915307991138
19,0.0001324449417079432
19,0.001411402682701457
18,-0.0002651122762626912
12,0.0009270182753202683
19,-0.00409977380883042
17,0.0001764823355114853
18,-0.00260215040304157
13,0.005300407417766717
23,0.0038041556081589434
23,-0.00030510927328653015
12,-0.0019614547634630997
17,-0.002717250831235307
13,0.002423134470484367
19,0.00039553614193055253
18,0.0006590332944880206
19,0.0022724805394096492
20,0.00026214689506609545
18,-0.0019182249195219825
14,0.0013104003169328582
19,0.005932649527842226
23,0.0022077684278611898
20,0.002973123215969764
23,0.004901958211283475
23,0.006296856885498414
23,-0.0009789135157541873
13,0.004872833530750853
23,0.0041185513039518895
23,0.0011015782651024875
20,-0.0018574908491070241
13,0.0054361621625720336
23,0.001986144446904037
20,-0.0008450456322706135
13,0.005830778947133908
23,-0.005384844294871516
17,0.0010496704115632305
19,0.0008842387952301412
19,-0.001516686086222685
12,-0.0032864194460776597
17,0.0006759766124726507
19,-0.0011766137658553166
13,0.0007996062844481955
19,-0.0011805328777442226
13,0.005851150883707357
23,-0.0026347910217237036
17,-0.0030283963015903526
17,-0.0010968843951184581
13,-0.015749380864693463
17,0.002181607980130451
19,-0.0010670992031015514
12,-0.0022186375186780127
13,0.00728669208285071
23,0.008788112548595794
23,0.002340473126993148
23,0.003482363193522575
23,-0.0006782043554884876
12,-0.001993219739695906
13,0.002042535010804425
19,-0.006264267171547044
17,0.0021282029233173905
20,0.0002126432194586858
18,-8.499435931796917e-05
12,0.0006811565188029611
19,-0.003024651517646193
5,-0.004836521510719338
3,0.006263166359420369
23,0.0006417674811782792
6,-0.004605158670387688
5,0.005082222816253035
23,-0.0028055416030153824
5,-4.2138911984901384e-05
13,0.002690090285389468
23,-0.0004611991651712888
12,-0.000711974560888895
13,-0.0034323653678492994
17,0.0
18,-0.0002930500188531582
13,-0.0012145937083075653
13,-0.0002931261720974243
13,0.0021321731745911343
19,-0.0003753757576251404
13,-0.0021670455822291323
14,0.002005078444224484
23,0.00012533435776851398
19,-0.00046008035483047216
12,0.0034659950174291687
23,-0.0023271175200053618
16,-0.017744062289010265
5,0.004411863419044648
18,0.0041292534444787865
21,0.002595271627529705
23,0.00041677893222558104
19,0.0012066963935366548
19,0.0023217146172431757
20,0.0007038727848807103
18,0.0006629802955884223
18,-0.0016539608937370387
13,0.005744511231293492
23,0.003081094427909159
23,8.199480411863469e-05
18,-0.00053418930705873
12,0.00024629539035503356
19,4.099974016802399e-05
18,-0.002785827711021649
13,0.0009459783774936614
19,0.002336287130914272
23,-0.002532039188279267
13,0.004491559376861742
23,-0.0005355063662089155
13,0.004392657088982066
23,-0.005076788098931639
17,-0.0020948400211966423
13,-0.0004939511551705911
12,0.0009056902448905113
19,-0.0025010275753039046
14,-0.007035843903537842
17,0.004082496879027175
23,-0.0094804133787878
17,-0.0019811611769748882
14,-0.002758556305483273
15,0.0005770077353626224
19,-0.005539693006208601
17,0.0037311631832588343
23,0.0010738693411280753
18,-0.0007426359673532446
13,0.002918172816163578
23,0.00163918485976966
23,0.004664100311712049
23,0.0002444191074078006
18,0.0024484049191755286
23,0.003942773773911945
23,-0.0007278901515278546
13,0.0017854343330923061
23,0.00012161772722762976
19,-0.0010497194546361666
13,-0.0012916541845359175
13,-0.003065049786444174
13,0.0010541648978679152
19,-0.0024254794703064686
17,-0.0005657455178619264
13,-0.00012122188204188866
13,-0.001415190846231873
13,-0.00044441099084058244
13,0.0015353736134364748
23,-0.0010100602220047827
12,0.003164680388825225
23,-0.010272438378596926
5,0.00040976494949540587
6,0.0038682233087994344
23,-0.0019029930716397692
16,-0.0006879453220243192
12,-0.012792434555728205
5,-0.0007821621547595692
0,0.0010715236873142242
7,0.0076774441062372745
23,0.0009413323202858148
6,-0.004122426558514025
5,-0.0013883068450966096
0,-0.002447244153883421
4,0.0073644719941641235
23,0.004819640840404427
23,0.0031209641239102748
20,-0.0003226921250626402
12,-0.004853178738580821
13,0.00024306254854922216
19,-0.0015369257141051307
13,0.00016228014119978873
18,0.004717035395113367
23,0.0016824827173418377
23,0.0018020060309245078
23,0.0011609018518414782
20,0.0020105351847339303
23,0.0004406899166002898
18,-0.0001199951171874103
13,-4.002785352830163e-05
13,-0.0019609631966905905
17,0.0015659481424192823
23,-0.0008830071286075603
13,-0.0013631478645923512
14,0.0006803192157172067
19,0.0024827228870536455
23,0.0035551625895495764
23,0.003300337241740836
23,0.00214011283472626
23,0.001859991357640256
23,0.004417489964640531
23,0.0008656353570195563
20,-0.002670572680086414
17,7.851144223369744e-05
18,0.002003888949875021
23,-7.855286332081324e-05
12,-0.0007446987609186495
13,0.0003134147179240099
19,0.0009403498694575685
19,-0.0007033711608999127
13,0.0037671838016726245
23,0.0015970904754012416
19,-0.005320900948844409
17,-0.00015591794220670696
13,-0.00347411747635884
13,-0.001445409461450442
14,0.004834835374402768
23,0.0010917408584403265
18,-0.00011664507407738167
12,-0.002131523377511879
14,0.0006992450690359586
19,0.002638100719022596
23,0.0021293779966715665
23,-0.0011583881976857668
13,0.002476048004940168
23,0.001707222374772721
19,0.0013967537198513735
20,0.003964047348916422
23,0.0012431813824873572
19,-0.0007013977055804199
13,0.004271536775567464
23,-0.0013942214678905884
12,0.0006197146333515313
19,0.0031252318137342527
19,-0.0009230393629807709
14,0.000153572626839793
19,-0.0006911895597329076
12,0.008091675381738828
23,-0.00117860836264283
12,0.004739156633754904
21,-0.001133170794231475
13,-0.008148334384926015
17,0.0
18,-0.00022786768467664142
12,0.0
19,0.001319980761357975
19,0.0
19,-0.001609193853267854
13,-0.001160778706761234
12,-0.005353973175289517
17,0.00399320968110195
23,0.0003730179083882845
18,-0.004879311326683733
17,-0.004622172755640697
17,-0.0005976083810613764
12,-0.00033630917727189846
13,0.0005243012725619778
18,-0.000224390595774282
12,-7.473041231587096e-05
13,-0.00621909445993396
17,0.003472194924196703
23,0.005614254214747039
23,0.0015117003173963361
19,0.003339340315946737
23,0.0022319559276635648
23,0.0005102574765010193
18,0.0016077260054867537
19,0.004986333456551417
23,0.005426524589877912
23,-0.008519795349245629
17,0.00568279171025643
23,-0.0012165318610468656
13,0.0021801854744609717
19,0.008994499385716281
23,0.0019453148813188825
20,-0.0029575254220933767
13,-0.0030265197707529667
13,0.008196962435411237
23,-0.004371699478960878
17,-0.002972386127914506
12,-0.0029357233317686138
13,0.0018144207306280968
18,-0.01653090041133576
17,-0.03481447835534324
5,0.03535432159379859
11,-0.003091197662069445
0,-0.038729914945676236
5,0.002684096011488224
7,0.005723419787277972
7,0.0076902631735020766
11,0.019976538262145516
11,0.005376114503451435
19,0.0029009180599910422
18,-0.00231593899805016
0,-0.006803994648929446
0,-0.002582118005426959
0,0.010743525583552183
23,0.0071394965135882504
23,-0.013232148680779376
17,-0.014618394103181998
5,-0.013669324656495951
5,0.012340101316527186
11,0.016658541336652233
11,-0.0015367103143612004
1,0.008727110547952055
11,0.002010668379057501
19,0.011497942581793819
23,-0.0024356130502426465
14,-0.011149210827677059
17,-0.009034987177146458
17,-0.003189810306065022
14,-0.0010928517048042208
12,-0.010462834480631233
2,3.694458379999155e-05
6,-0.0017349620941029542
0,-0.01582617362703076
5,-0.02316699596352856
5,0.011368330268342275
7,-0.020926502022103333
5,-0.003528335293324525
0,0.0077741989018720314
8,-0.019348645242640017
5,0.007339567861560203
7,0.0265238463820594
11,0.00033902037133182183
6,-0.014046055798437984
5,-0.001415599051534544
0,0.003329946340471457
7,0.0011007270033711603
6,0.002525759200371791
6,-0.008451478010077174
5,0.0012359047650396526
6,0.0031931679056087514
20,-0.001108233736979991
12,-0.0028183914898904927
13,-0.008184264822783227
5,-0.0025817646344148404
1,-0.01774175402488798
5,0.0027385843470164595
7,0.005740356375319999
11,-0.00164794921875
1,-0.010289605251498801
5,0.00420667711252154
7,-0.005892119281815766
5,0.0013726276906806945
7,0.017207097694412754
11,0.00011240128011680284
6,0.00157603537611406
7,0.0067991907277999974
23,0.006214369677217446
23,0.002535282304974018
20,-0.0013169874748863997
12,-0.0018041542066423721
13,0.004056854490340545
23,0.0002574366536376438
18,-0.0010676995439777848
14,0.001318579314624868
18,-0.004927749107982438
17,0.008076010677381618
23,-0.00040312142341558665
13,-1.1102230246251565e-16
12,-0.0047723301267916796
14,0.007800315532578539
23,-0.004446046232646106
17,0.004368424159937545
23,0.0013477402062895827
20,0.00018185170975004716
19,0.005837721823415132
23,-0.0020867676357997356
13,0.004840152820475563
23,0.00043095502131640373
18,-0.00039417034743094437
13,-0.004154889687902896
17,-0.0010035438496708293
13,0.0019161199117925243
19,0.0038840152533616834
23,0.005474452554744547
23,-0.0010858500919326275
14,-0.006232791976959806
17,-0.003337493345106801
17,-0.008923355835359525
16,-0.00014728516700179828
12,-0.01068832570973044
5,0.005941572478537438
20,-0.003086860035878214
12,0.008719437129556473
23,-0.007219559702257183
17,0.0034536204484469923
19,0.008347362733473807
23,0.004881598854114877
23,0.0017599591535140124
23,-0.0010463956388546691
12,0.0039169050692540175
23,0.0015043983592635257
19,-0.0010728733186631256
13,0.00718210216983084
23,0.0017821500012509262
19,-0.0011059097474001023
13,-0.00032167974201913196
12,0.0026838431463167556
23,-0.0006388558426502211
13,0.00952626211664409
23,0.0004942942260788286
18,-0.008071545226867038
17,-0.005541534952496208
17,0.0018517467974528135
18,-0.0024861919772022345
14,0.01073767795092806
23,0.003787234378090254
23,0.0035255956436170965
23,0.0006656572202154987
18,0.0002451971093901939
18,-0.0016110092005907628
12,-0.0010231382340180062
13,-0.004832945677806788
17,0.003463807515336148
23,-0.002124817951485669
13,0.002328876768961541
18,0.004333618872278455
23,0.00035019820342019337
19,0.000314397686954182
18,0.0010144415138120255
18,-0.0006294110396647401
12,0.0037355373380070223
23,0.003184980524784775
23,-0.001308902449921323
13,0.004549239411217876
23,-0.0021998166050281043
14,0.0016215885545181052
20,-0.00010350117194279917
13,-0.0013130329912719452
13,-0.003423794761446275
13,0.002160412201033024
18,-0.002216472094287658
17,0.005846096336871165
23,0.00020756091849616354
18,0.001756610757719379
20,-0.0006184040310966976
13,-0.005089096173077734
17,0.0045929178517722935
23,0.0008591951024199407
18,0.003212041678433142
19,-0.0037531342497526543
17,-0.0010983981885123173
13,-0.002675535219575642
17,-0.0035406096948567
12,0.0009641499113874907
18,0.0025173661537012393
21,-0.0013007921135494982
12,0.0
18,-0.0034842831444218403
17,-0.005975651755415923
13,-0.006455159313154879
14,0.0026825276571875722
19,3.472371181389988e-05
18,-0.029738866850129053
5,-0.017720417866595617
5,-0.002962665170319956
1,-0.004173449273924157
0,0.013738205745182253
11,3.569307351969364e-05
7,-0.010737294436418243
5,-0.0031754226078285486
0,-0.0071840802685018135
5,0.009817209908441704
8,-0.029305160946653586
5,0.010097919216646156
8,-0.0022188132734471955
0,-0.01837798610768948
2,0.015549646820423035
11,-7.385558515671242e-05
0,0.007032413914532132
11,-0.010409409832802585
4,0.0034870510883788786
7,0.006585642268162273
11,0.012429789009141823
11,0.0013923625319818278
7,-0.004551442566132158
1,-0.016667250176759518
5,-0.003771645952283298
0,-0.014444088861184423
5,0.015774946996173433
11,0.007137872550180946
11,-0.014466148566349979
5,-0.004672860652792821
0,-0.0031595440614345938
0,0.0002660054949730206
6,0.0064715224193050425
11,0.007734465671390689
11,0.018471737225546958
11,0.0009865168962761572
6,0.006719974998344869
11,-0.003496542709420347
13,-0.02916979293608557
5,0.014741210560375917
10,-0.021858473679352453
5,0.0026579041652781132
7,-0.013188368568331499
5,-0.007514897956598987
3,-0.004314850457334374
2,-0.009469083949222634
5,-0.015574376951392632
5,-0.008242652703570164
2,-0.015323132382987437
0,-0.01076603872102444
2,-0.024479242970144144
5,-0.019661969043883953
5,0.04326817562512408
11,0.02267386665264315
11,-0.007332325577485421
2,0.0014425413282312949
7,0.017074546797270163
